ア,亜,亞,啞,婀,痾,合,当,揚,上,明,開,荒,編,空,逢,会,挙,敢,和,遇,悪,併,倦,兄,充,厭,叫,呀,呆,呈,在,宛,彼,急,惡,或,擧,新,昂,晤,有,浴,焦,舉,褪,遭,阿,飽,騰
アイ,eye,eyes,i,亜依,亜已,合,哀,娃,安威,愛,愛衣,歩衣,相,藍,間,阿姨,隘,aye,亜唯,亜惟,亜維,吾唯,吾惟,吾衣,娃伊,娃依,娃冶,娃維,娃衣,安唯,安維,安衣,心依,愛唯,杏依,杏唯,杏結,歩唯,歩惟,阿唯,阿惟,彩衣,藍維,逢
アイス,ice,愛朱,愛須,a.i.s,iyse
イ,五,井,亥,伊,位,偉,医,委,威,射,居,意,懿,易,潙,為,異,胃,萎,藺,衣,違,遺,鋳,韋,井髙,入,容,出,言,炒,煎,行,囲,良,生,云,一,凍,去,可,善,埋,好,嫌,寝,往,忌,快,息,慰,挿,曰,活,淹,熬,癒,納,美,苛,要,謂,逝,猪
イス,椅子,井須,伊須,猪須
ス,州,巢,巣,洲,簀,簾,素,酢,酸,醋,馬尾,鬆,捨,住,澄,棄,空,吸,過,済,好,据,直,仕,刷,剃,助,喫,寿,少,抄,拗,挿,掏,摩,摺,擂,擦,栖,梳,棲,清,滑,漉,濟,為,磨,統,総,透,鋤,饐,水
ハ,刃,坡,巴,播,歯,波,派,破,端,羽,葉,覇,安力川,角竜類,張,恥,掃,跳,剝,映,佩,刎,刷,剥,匍,匐,吐,喀,喰,塡,填,墾,外,奔,將,履,嵌,弾,愧,慙,捌,接,撥,斜,早,晴,果,栄,泊,涯,爆,生,矧,禿,穿,篏,羞,耻,腫,貼,蹈,躍,這,運,銜,霽,食,馳,駆,齒
アイツ,倭津,彼奴
イツ,一,五,何時,佚,壱,稜威,逸,伊律,衣都,偽,斎
ツ,唾,津,釣,付,着,継,連,詰,突,接,摘,憑,攣,積,亜,伴,凝,即,卽,吊,吐,告,嗣,噤,就,尽,尾,従,搗,撞,支,放,次,注,活,浸,漬,潰,点,燗,盡,瞑,築,繼,著,衝,訃,誥,跟,蹤,附
ツノ,角,都濃,都農,津埜,都野,募
ノ,乃,之,幅,廼,野,野又肇,無,吞,乗,呑,除,飲,伸,延,退,載,述,乘,亡,叙,喫,嚥,失,宣,展,搭,暢,服,熨,綯,莫,逃,遁,陳
スス,煤,進,勧,啜,嗽,奨,奬,推,洗,漱,濯,薦,雪
スケ,亮,介,佐,助,輔,資
スケート,skate
ケ,ヶ,卦,家,毛,気,笥,褻,消,蹴,氣,怪,嗾,決,濃,蹶,銷
ケー,k,k.
ト,兎,十,堵,屠,徒,戸,斗,杜,涂,砥,途,都,九斗,取,跳,解,飛,吐,捕,止,遂,採,留,泊,盗,登,研,停,問,執,夙,奪,富,尖,征,拿,捉,摂,撮,攬,梳,溶,熔,燈,父,獲,疾,磨,穫,綴,緘,翔,融,訪,説,賭,釈,鋭,録,鎖,鑠,閉,除,駐
アイスケ,愛祐,愛佑,阿維介
イスケ,井丞,井佑,井祐,亥丞,亥佑,亥祐,伊丞,伊佑,伊祐,猪丞,猪佑,猪祐,維丞,維介,維佑,維助,維祐,維輔,衣丞,衣佑,衣祐
ケド,化土,外戸
ド,°C,土,奴,度,怒,戸,砥,止,留,撮,取,捕,処,程,何,執,堂,奪,征,採,摂,泊,獲,盗,退,録,島
アイセキ,哀惜,愛惜
イセ,伊勢,井勢,以勢,伊生,伊青,唯世,磯
イセキ,偉蹟,移籍,遺蹟,井塞,井碩,井磧,井關,伊勢城,伊勢木,伊關,夷石,iseki,維積
セ,世,仕,施,瀬,為,畝,背,脊,節,責,咳,堰,塞,忙,急,攻,狭,競,糶,迫,礁
セキ,咳,堰,寂,尺,席,戚,石,積,籍,藉,責,赤,関,隻,勢喜,勢木,勢起,seki,跡
キ,伎,几,危,喜,器,圻,基,奇,姫,季,岐,希,徽,忌,揆,旗,既,期,木,来,柝,桅,樹,機,毅,気,氣,汽,熹,生,畿,癸,着,祺,稀,簋,紀,綺,著,葱,衣,規,記,豨,貴,起,軌,郗,騎,驥,鬼,黄,鍵盤付,聞,切,消,決,伐,來,其,决,利,剪,効,尋,屹,帰,截,揮,斫,斬,極,汚,祈,絶,聴,聽,訊,鑽,飢,崎,棄
デ,de,出,手,照
デア,der,dare
デアイ,出会,出会イ,出会ヒ,出合イ,出逢イ,出遇イ,出遭イ,出會
セッ,赤,席,接,摂,石,節
セッキ,折毀,炻器,雪肌,石碁
キン,勤,听,均,巾,斤,欣,欽,琴,瑾,磬,禁,禽,筋,菌,近,金,金武,錦,鏧,k.i.n,kin,近貨,緊,黔
ン,誕
アイド,相渡,aido
アイドル,idle,idol
イド,緯度,依戸,挑
ル,le
ルノ,留乃,流埜,琉乃,琉望,瑠乃,瑠野,luno
ルノア,月蒼愛,琉希明,瑠乃亜,留乃亜
ノア,noaa,nor,noah,乃絢,乃綺,乃蒼,乃藍,乃麻,之安,之愛,典杏,埜杏,埜紅,埜阿,如愛,希綾,希藍,希麻,暖歩,望亜,望愛,望明,望結,望絢,穏愛,聖杏,野愛,n@h,noa,nore,noxah,noi'x,noi’x,乃愛,希空
アイト,亜惟杜,愛生斗,曖衣斗,藍人,aight,碧人
イト,伊覩,怡土,意図,意圖,異図,糸,絲,唯音,絆音,結糸,維人,厭,営,幼,愛,最,痛,稚
イトル,射取ル
トル,torr
アイソ,愛想,相磯,会曽,愛磯,相曾,相蘓,藍磯,間曾
イソ,磯,礒,井曾,急,勤,忙
イソウ,移相,移葬,移送,井漕,射添,石生
ソ,其,曽,楚,疎,疽,祖,祚,租,粗,素,蘇,酥,麤,鼠,添,剃,染,訴,初,削,副,厥,反,咀,外,殺,沿,然,背,逸
ソウ,倉,僧,創,双,叟,叢,壮,奏,宋,宗,層,巣,惣,想,早,曹,曺,曽,曾,桑,槽,爽,瘡,皕,相,筝,箏,総,總,聡,聰,艘,艚,草,荘,葬,装,走,躁,霜,sou,想歌,想羽,曾宇,爽羽,草雨,蒼爽,走羽,saw,sow,sxoxu,創企社,藻,騒,争,痩,掃,操,蒼
ソウノ,荘埜,惣埜,素野,艸野
ウ,于,兎,卯,右,塢,宇,得,憂,有,禹,羽,雨,鵜,受,打,討,浮,売,生,棒,撃,植,請,埋,亨,享,伐,倦,呻,塡,失,射,惓,承,拍,搏,摶,撾,泛,熟,獲,産,績,胡,膿,茹,薄,賣,迂,飢,餒,餓,烏,島,教
ウノ,鸕野,卯埜,夘埜,夘野,宇埜,苧野,uno,宇能,雲乃,耕
ウノイ,宇ノ井,宇野井
ノイ,乃依,乃唯,乃維,希依,希衣,望衣,稀依,能井,neu!,noy
イイ,以夷,依倚,唯々,唯唯,怡々,易々,謂,飯,飯井,言
ヒ,一,丕,乾,卑,否,妃,婢,干,悲,日,曾,杼,桧,梭,樋,檜,比,火,灯,碑,秘,簸,緋,脾,被,譬,費,避,陽,非,飛,引,冷,肥,皮,曳,奏,延,弾,彎,惹,抽,挽,放,曵,漬,牽,碾,索,負,輓,轢,退,開,陳,魅
ヒト,一,人,他人,女,hito,偏,単,均,孤,斉,独,獨,等
ヒトト,一青,人渡,仁斗,仁渡,仁登,仁都,斉人
トト,父,都々,toto
トハ,土坡
ハキ,吐,杷木,破毀
キガ,帰臥,起臥,飢餓,饑餓
ガ,ヶ,何,娥,我,河,画,蛾,賀,雅,駕,鵞,芽,嚙,書,狩,枯,買,代,替,家,牙,返,変,勝,掛,借,刈,飼,貸,換,懸,掻,架,瓦,藉,賭
アオ,碧,蒼,青,愛勇,杏央,葵桜,a-o,青央,仰,呷,扇,淡,煽,靑
オ,尾,御,汚,緒,苧,雄,麻,aux,押,落,織,合,起,負,下,降,惜,置,折,青,終,追,夫,会,老,逢,遇,懼,男,了,佩,俺,卒,同,喚,圧,在,堕,墜,大,小,居,已,帯,怖,思,招,捺,推,措,擱,於,晤,生,竟,趁,逐,遭,陥,隕,鬼,遅
オモ,主,生茂,重,面,尾母,尾茂,思,念,惟,想,憶,懷,推,趣
オモリ,錘
モ,喪,藻,裳,持,漏,盛,捥,舞,以,保,凭,守,揉,摸,模,洩,焰,燃,若,萌
モリ,守,杜,森,母利,盛,護,銛,最里,森莉,母里,茂理,茂里,mori
モリデ,森代
リ,利,吏,李,理,痢,裏,裡,里,離,re:,莉,梨
オオ,多,大,太,覆,仰,巨,蔽,衆,被
オオモリ,大盛リ,亰守,大毛利,大漏
アカ,垢,朱,淦,紅,緋,赤,赧,赫,赭,閼伽,阿哥,阿迦,argha,阿賀,明,灯,証,證,頒
カ,下,乎,仮,何,価,加,化,可,嘉,夏,家,彼,戈,日,果,架,柯,歌,歟,河,火,禍,科,窩,花,華,蚊,課,貨,賈,軻,過,香,鹿,返,掛,換,代,変,勝,買,飼,母,欠,替,嗄,交,掻,搔,赤,懸,書,貸,ヵ,且,予,借,假,克,兼,刈,刮,剋,呵,咬,嗅,嘗,噛,噬,嚙,嚼,回,嫁,嬶,市,帰,微,恁,抓,挂,捷,掠,描,擤,攪,支,改,斯,易,枯,歸,涸,渇,片,狩,玷,禾,穫,繫,缺,罹,翔,考,肩,臭,舁,苅,藉,賢,賭,躱,酤,闕,限,馳,駆,駈,黴,佳,海
カン,乾,侃,冠,函,刊,刋,勘,卷,坎,奸,姦,姧,完,官,寒,寛,嵌,巻,干,幹,患,感,慣,柑,桓,桿,棺,款,歓,漢,澗,灌,煥,燗,環,甘,甲,疳,癇,皖,監,稈,管,簡,緘,緩,缶,罐,肝,舘,艦,艱,菅,観,觀,讙,貫,鐗,鐶,鑑,鑒,鑵,閑,間,関,韓,館,鹹,加運,can,kan,敢,汗,旱,潅,神,箝,考,關,顔,還,姜
アカンタ,赤沼田
アカンタイ,亜寒帯
アカンタイキコウ,亜寒帯気候
カンタ,勧多,勧太,堪太,完大,幹大,敢大,栞太,歓大,漢大,莞多,莞大,莞汰,canta
カンタイ,喚体,杆体,桓魅,桓魋
タ,他,多,田,誰,立,足,食,汰,勃,垂,太,溜,建,但,佇,倦,偶,喰,堪,彳,截,断,斷,樹,滴,炊,炷,点,為,焚,爲,発,矯,祗,経,給,絶,耐,蓄,薫,裁,貯,賜,起,長,闌,高
タイ,体,台,堆,大,対,對,帯,態,戴,棣,泰,耐,腿,諦,退,隊,鯛,thai,tie,夛井,辰勲,滞,代,待,太,平,怠
タイキ,大葵,太輝,汰樹,泰己,泰輝,taiki,戴熙,戴逵
タイキコウ,大気光
イキ,位寄,域,壱岐,壹岐,彝器,息,意企,畏忌,粋,粹,行,閾,食其,伊祁,依期,夷亀,猪城,活,熱,生
イキコ,伊基子,生キ来,伊紀子,伊規子
イキコウ,行キ交ウ
キコ,旗皷,騎虎,鬼狐,季幸,季瑚,季香,希己,希幸,希香,桔子,絆子,綺瑚,葵子,貴香,麒子,kiko,quico,kiko+,聞,聴
キコウ,乞巧,僖公,僖康,基厚,寄港,寄稿,寄航,帰岡,柵養,機搆,機構,気閘,煕洽,畸行,稀覯,葵光,鬐甲,希宏,木興,葵興,輝煌,輝耕
コ,仔,個,児,古,呼,壷,娘,子,孤,小,庫,弧,戸,扈,故,来,湖,滬,濃,粉,股,胡,胯,蚕,蠱,觚,顧,込,越,起,混,交,超,鼓,焦,之,乞,來,倒,凝,困,固,媚,市,恁,恋,恐,懲,戀,扱,抉,拵,捏,支,放,斯,是,木,枯,梱,樵,樹,此,殺,沃,漉,漕,濾,痩,瘦,篭,籠,罩,肥,請,買,踰,転,這,酤,飼
コウ,亢,交,侯,候,光,公,功,劫,効,口,后,向,吼,坑,好,孔,孝,工,幸,広,庚,康,後,恍,抗,攷,攻,敖,暠,校,汞,江,洪,洸,浩,港,溝,炕,煌,爻,璜,甲,皇,皎,硬,礦,神,稿,篙,糕,紅,絳,綱,羹,考,耕,耿,腔,膏,航,行,衡,講,鉱,鋼,鎬,闔,降,項,香,高,鴻,黄,黌,昊洸,琥羽,瑚羽,皐羽,航生,kou,酵,困,嵩,巧,慷,昂,梱,肯,芳,薨,倖
コウハ,浩玻,甲把,koha
アキ,安岐,安紀,安芸,安騎,愛来,昭,晶,晶紀,秋,阿琪,亜枝,亜葵,亜輝,公希,吾喜,吾季,吾希,吾木,吾樹,吾紀,吾記,吾貴,天紀,娃伎,娃來,娃喜,娃季,娃岐,娃希,娃来,娃樹,娃祈,娃稀,娃紀,娃葵,娃貴,娃輝,安喜,安季,安希,安毅,安藝,彩季,彩記,愛基,愛季,愛紀,愛綺,愛貴,明耀,晶希,晶輝,朝輝,朱希,杏來,杏季,杏紀,杏綺,杏貴,知姫,秋希,秋来,絢希,藍旗,諒季,諒気,諒祈,諒綺,&aki&,aki,a・k・i,秋樹,紋季,呆,彰,惘,明,空,闡,顕
アキハ,亜樹葉,亮葉,尭葉,彬葉,愛希葉,明季葉,明希葉,映葉,昭場,昭庭,暁波,暁羽,暁葉,朗葉,淳場,淳庭,淳葉,瑛葉,璃場,璃庭,璃葉,秋桜花,穐場,穐庭,穐葉,諒波,諒羽,陽巴,akiha
ハモ,鱧,葉茂,海鰻鯉
モウ,孟,毛,猛,盲,網,蒙,魍,mow,儲,妄,曰,申,白,設,詣
モウア,盲唖
ウア,烏鴉
アキア,akia
アキアキ,倦キ倦キ,厭キ〳〵,厭キ厭キ,飽々,飽キ飽キ
キア,樹安,祈杏,紀安,絆彩
キアキ,祺昌
ニ,丹,二,似,尼,弐,烹,煮,肖,荷,二引,逃,仁,兄,憎,沸,迯,遁
ニナ,蜷,仁捺,仁華,仁雛,希菜,笑和,虹那,担,荷
ナ,亡,儺,名,失,奈,奴,無,莫,菜,泣,鳴,成,撫,投,哭,並,啼,慣,倣,做,凪,勿,号,和,喪,嘗,均,形,微,抛,无,欷,歿,殴,没,済,為,熟,狎,甜,生,綯,罔,習,舐,萎,薙,那,馴,長
タノ,田埜,楽,嘱,娯,怡,恃,愉,頼
ノハ,饒波
アキラ,亜喜良,亮,全,叡,哲,啓,彬,彬良,彰,彰良,日明,旦,旭,旻,昌,明,明楽,昭,昭良,昱,昶,晁,晃,晄,晟,晶,暁,暁良,暉,曄,朖,朗,煇,玲,瑛,璋,皓,瞭,秋良,章,粲,聡,輝,鑑,阿伎良,陽,顕,顕彰,顯,亜希良,亜期羅,亜毅羅,亜紀良,亮来,啓来,央來,央蘭,央頼,安紀良,審良,尭羅,愛姫羅,旭良,明来,明樂,明貴良,明頼,映來,映来,映良,映頼,晃弦,晃良,晄来,晟良,晶良,暁羅,有季羅,玲來,玲良,玲頼,瑛楽,瑛良,礼來,礼羅,礼蘭,礼頼,秋來,秋来,秋楽,秋頼,章来,章良,緋梨,聡来,聡良,諒來,郷来,阿木良,陽來,akira,亜希蘭,日日日,聖,阿岐羅,断,燎,諦
アキラカ,明力
キラ,吉良,紀良,葵蘭,雲英,吉樂,吉羅,嬉来,季楽,季良,希来,希楽,希良,木浪,木良,桔来,煌逢,祈聖,稀來,紀来,絆良,綺來,綺良,芹星,葵良,貴來,貴良,輝煌,輝蘭,kira,kila,希星,嫌,煌,燦
ラ,等,羅,螺
カダ,伽陀,加太,華佗,鍛田,鍜田,賀田
ダ,堕,大,惰,打,田,舵,駄,出,立,垂,抱,溜,多,丈,佇,勃,建,弛,彳,樹,欺,誰,起,高,黙
アキタ,飽田,齶田,安芸田,淳田,璃田,穐田,龝田,慊
アキタニ,淳谷,璃谷,穐谷
キタ,北,喜夛,城多,貴夛,kita,來,来,汚,錬,鍛
キタニ,木渓
タニ,谷,谿,多児
タニア,tania,多仁亜
ニア,neer,nia,neah
アキタケ,彰健,明健,昭健,晃丈,晃健,晃岳,晃竹,晶健,秋健,秋剛,秋威,秋孟,秋赳,章丈,章健,章岳,章竹,明毅
アキタケン,秋田犬,秋田県
タケ,丈,多慶,岳,峯,武,竹,茸,他化,多計,嶽,高,哮,猛
ケン,件,倹,健,兼,券,剣,劍,圏,堅,妍,姸,建,惓,憲,拳,検,権,權,犬,県,研,縣,腱,莧,虔,謙,賢,軒,鍵,間,険,顕,黔,ken,kenn,建溶,建販,見,験,懸,献
アキナ,章菜,亜季名,亜季奈,亜季菜,亜季那,亜希奈,亜希菜,亜樹名,亜樹奈,亜樹那,亜紀奈,亜紀菜,亜綺奈,亜貴名,亜貴奈,亜貴菜,亜貴那,啓七,啓名,啓夏,啓那,安希奈,彩希菜,彬菜,彰南,彰茄,愛紀菜,愛綺奈,愛輝那,日月奈,明南,明季奈,明希来,明茄,映七,映南,映名,映奈,映那,昭茄,晃南,晃名,晃奈,晃茄,晃菜,晃那,晶南,晶希菜,晶茄,暁名,暁奈,暁捺,暁菜,有希那,爽奈,瑛菜,璃奈,礼七,礼名,礼夏,礼渚,礼納,礼菜,礼雫,秋南,秋茄,空納,章七,章南,章夏,章奈,章納,章茄,章那,翠那,諒七,諒南,諒名,諒夏,諒奈,諒納,諒菜,逢希奈,陽捺,akina,彬名,商
アキナイ,商
キナ,喜納,公奈,妃乃,希南,輝菜,kina
キナイ,来鳴イ
ナイ,内,奶,姓井
アケ,明,朱,紅,赤,緋,赧,赫,赭
アケビ,木通,通草,明比,朱弥,阿介比
ビ,尾,微,日,火,糜,美,郿,陽,鼻,日紹,日衡,日設,美謄堂,挽,引,弾,曳,碾,轢
ビデ,bidet
ビデオ,video
オオアク,大阿久
オオアクビ,大欠伸
オア,or
アク,安久,悪,惡,灰汁,阿久,亜久,吾久,安駆,握
アクビ,欠伸
ク,九,具,区,區,口,句,吼,来,狗,瞿,苦,躯,軀,暮,組,暗,喰,食,繰,下,与,刳,加,呉,咬,啖,奇,悔,拱,昏,朽,比,汲,焚,焼,眩,絎,酌,配
クビ,頸,首,馘,久比,括,縊
アサ,asa,厚狭,安佐,朝,浅,淺,麻,娃佐,娃冴,娃咲,娃早,娃沙,娃瑳,娃砂,安彩,安沙,安紗,麻咲,麻紗,漁
アサリ,歯振,浅蜊,asari,亜沙里
サ,些,仕,佐,叉,左,差,査,沙,為,然,砂,鎖,小,紗,咲,刺,去,下,裂,提,指,鏽,覚,先,冱,冴,冷,割,叫,寂,寒,寤,射,往,挿,探,止,注,清,点,落,螫,褪,触,退,逆,避,醒,銹,錆,障,茶
サリ,嵯梨,彩李,彩璃,早利,早李,早梨,早理,早莉,早里,桜里,沙璃,瑳里
リヨ,凛夜,梨陽,理葉,璃与,璃世,璃代,璃夜
リヨウ,俚謡,李邕,里謡,鯉洋,李膺
ヨ,yo,与,世,予,代,余,佳,善,四,夜,好,宜,快,悦,良,豫,寄,呼,誉,読,除,酔,依,倚,克,喚,因,憑,択,招,拠,捻,撚,撰,據,攀,横,止,由,称,縁,縒,縦,能,訓,詠,誦,讀,過,選,避
ヨウ,俑,八,四,姚,幼,庸,揚,曜,杳,楊,榕,様,洋,瑤,瑶,用,癰,窯,羊,葉,蓉,要,鄘,陽,雍,養,耀生,葉羽,yoh,耀,瘍,容,擁,腰
アシ,脚,芦,葦,葭,蘆,足,銭,遇
アシノ,楫野,芦埜,葦埜,asino
シ,仕,使,刺,史,司,四,址,士,始,子,市,師,志,指,支,枝,梓,歯,死,氏,為,私,糸,紙,緇,肢,視,觜,詞,試,詩,誌,資,賜,趾,錙,駟,知,締,敷,絞,凍,占,叱,嗣,報,如,布,強,施,染,検,沁,泌,浸,湿,滲,然,痴,白,確,示,緊,繁,自,誣,識,酸,閉,雌,下,止,芝
シノ,信乃,篠,紫乃,志埜,思乃,思望,慈乃,柴乃,栞乃,椎乃,汐乃,篠乃,紫濃,shino,獅乃,茨乃,忍,偲,凌,撓
ノヨ,野與
ヨシ,吉,善,由,義,葦,蘆,余思,yoshi,誼,栄,芳
ヨシアシ,善シ悪シ,良シ悪シ,良悪
シア,枝椏,紫亜,史安,史愛,志愛,栞亜,糸愛,蒔彩,詩安,雫愛
アジ,味,庵治,按司,網地,鯵,鰺,網師,aji
アジノ,網師野,阿字野
ジ,乳,事,二,児,地,子,字,寺,尓,師,慈,持,時,柱,次,璽,痔,磁,耳,自,路,辞,辭,死,締,志,仕,侍,凝,強,憤,敷,染,治,焦,爺,知,確,占
アス,明日,娃守,娃須,ass
スパ,spa!
パ,把,波,派,羽,恥,歯,張,葉,禿
パラ,p‐,para,払,腹
タベ,夛部,田倍
ベ,部,辺,減,屁,可,礁
レ,les
バ,刃,場,婆,把,歯,羽,葉,馬,張,映,腫,履,化,奔,姥,晴,栄,貼,跳
ラダ,rada
ダイ,die,代,台,大,第,題,鯛,dye,臺井,d.i.e,da-ii,dai,d・a・i,大應,大設,平
ダイス,台子,dice,dies,die's,die’s
アタ,咫,与,当,中,価,値,宛,恰,抵,新,能,膺,與,辺
アタマ,頭
タマ,偶,多満,多麿,弾,玉,珠,球,霊,魂,tama,玉麻,田广,給,堪,溜,耐,貯,賚,賜,遇
マ,眞,真,間,馬,魔,[ma],混,摩,負,巻,増,交,曲,待,舞,撒,蒔,俟,先,卷,回,屈,廻,抂,捲,播,敗,未,枉,況,目,眼,磨,稀,竢,紛,纒,雑,麻
マガ,馬把,馬杷,曲,凶,禍,紛,迂
アッ,悪,惡,圧
アッタ,暖,温
タマル,玉留,田圓,田丸氏
マル,maru,丸,円,眞流,真流,麻流,丸〆,丸互,丸彦,舞留,恰
アタラ,可惜,新
アタラシ,新,丁嵐
タラ,多良,太良,鱈,tara,田良,多羅国,大口魚,垂,誑
ラシ,裸子
シイ,四,四夷,四維,尸位,屍衣,強,思惟,恣意,旨意,椎,椎井,紫衣,鴟夷,史依,史維,志依,推井,海依,詩以,詩依,詩唯,詩維,紫唯,弑
イモ,妹,痘痕,芋,薯,藷,伊毛
イモノ,伊茂野,鑄物
モノ,mono,物,者
ノガ,逃,脱,遁,遯
アタミ,熱海,atami
タミ,民,多珠,tami
ミ,三,味,実,巳,御,未,看,瞥,箕,見,視,覧,観,診,試,身,躬,靚,mimee,美,海,申,充,水,満,皆,盈,瞰,神,魅
ミデア,midea
デアッ,出会ッ,出合ッ,出逢ッ,出遇ッ,出遭ッ
ミタ,mita,充,満
ミタイ,三田井
アタリ,当,辺,atari,阿多利
タリ,多璃,夛利,tali,怠
リメ,rimet
メ,女,奴,海布,目,眼,芽,雌,召,孔,娶,愛,滅,美
ハオ,華緒
オイ,生,甥,笈,老,追
オイシ,美味シ
オイシイ,美味シイ,oixi
イシ,伊摯,倚子,尉氏,意思,甃,石,移祀,縊死,遺矢,頤使,頤指,異翅,一礁
イシイ,伊志井,伊志伊,isii
シイネ,椎寧,詩依音,詩衣寧,詩衣嶺,詩衣音
イネ,稲
ネ,値,子,寐,寝,根,音,無,祢,亡,失,嫋,嶺,弥,拗,捩,捻,煉,睨,祈,粘,練,莫,錬
メー,me-e
アッカ,安家,acca,akka
アツ,厚,圧,敦,暑,熱,篤,亜都,厚保,集,聚,蒐,輯
アツカ,淳夏,温香,扱
ツカ,冢,塚,掬,束,柄,疲,使,支,遣,捕,掴,摑,事,仕,労,把,捉,攫,痞,費,閊
アツカワ,渥川,阿津川
ツカワ,都川,使
カワ,kawa,側,川,河,皮,革,賀羽,変,代,交,乾,干,替,渇,渝,燥,躱
ワ,倭,和,把,環,羽,話,輪,分,割,佗,侘,別,吾,寂,悪,我,沸,涌,湧,破,詫,頒
ワン,one,wan,椀,湾,碗,腕
サイ,催,債,再,塞,妻,宰,寨,崔,才,摧,斉,斎,最,歳,災,犀,砕,祭,細,菜,蔡,裁,西,賽,采,際,骰,骰子,thigh,宰井,彩李,斉井,沙依,沙維,紗以,psy,sai,say,sigh,scye,zai,御柱祭,載,埼,採
サイト,site,彩都,才人,宰渡,嵯糸,彩人,彩斗,才渡,祭人,齊戸,齋戸,s’yte
ニアッ,似合ッ
アップ,up
プ,婦,布,符,譜,腐,振,伏,付
スル,suru,鋭
リン,倫,凛,厘,廩,林,燐,琳,臨,輪,鈴,凜名,ling,linn,lynn,rin,rin',rin.,rin’,凜,稟
リンゴ,林檎,林吾,琳瑚,ringo,lingo
ゴ,五,仔,伍,児,呉,娘,子,後,御,期,棊,碁,語,誤,豆汁,豆油,請,込,越,孫,籠,護,濃,乞,午,極,篭,超
モチ,持,望,糯,餅,餠,黐,毛千,茂地,茂知,用,須
モチアゲ,持チ上ゲ,持上ゲ
チ,乳,値,地,家,智,池,治,痴,癡,知,稚,茅,血,遅,千欣,散,恥,置,致,些,千,小,禿
チア,千安,千彩,智彩,智杏,知安,知杏,chia,千愛
アゲ,安下,安芸,揚,上箇
アゲテ,上ゲ手,揚ゲ手
ゲ,下,偈,夏,外,毛,気,花,華,蹴,実,解
テ,手,te',te’,照,輝
テア,teah
アップル,apple,aapl
プル,pull
タカ,多寡,貴,高,鷹,多伽,隆影,taka,taca,孝,昂,聚,集
タカイ,貴以,高価イ,田加井,高飯
カイ,cay,kai,个簃,乖,会,佳以,効,匙,嘉比,回,塊,壊,峡,快,怪,恢,悔,戒,會,枻,楷,櫂,海,甲斐,界,皆,花彙,花維,華夷,解,誡,貝,買,開,階,隗,飼,伽以,佳依,佳維,叶偉,和依,夏維,改,樺一,歌依,海唯,甲伊,花郁,賀井,香依,香維,魁壱,cai,賈彝,芥,介,獪,潰
カイノ,甲斐,加井野,廻野,海農,甲斐埜,甲斐野,香衣乃,caino
イノ,猪,井埜,井箟,亥埜,伊埜,依乃,居埜,居能,李乃,猪埜,猪能,維乃,ino,祈,祷,禱
ノミ,而已,耳,能美,蚤,鑿,能味,能見,呑
ノミモノ,吞ミ物,飲ミ物,飲物
ミモ,未母,me:mo,mimo.
モノハ,萌乃葉
アテ,安殿,宛,当
アテネ,雅典
アナ,孔,穴,竅,ana,強
アナゴ,海鰻
ナゴ,南居,名古,名胡,奈古,奈胡,姓護,長,和,永
ゴル,gol
ルナ,流奈,流菜,瑠奈,luna,月叶,月那,流南,流永,流波,流那,潤奈,琉南,琉名,琉奈,琉月,琉楠,琉永,琉菜,琉那,瑠七,瑠南,瑠名,瑠梛,瑠真,瑠菜,瑠那,瑠雫,留南,留名,留奈,留菜,留那,羅奈,runa,屡那,瑠愛
ベル,bell,belle,辺留,bellu,vel
ベルト,belt
ルト,琉斗,瑠都,留斗
アア,吁嗟,唖々,嗚〜呼,嗚乎,嗚呼,嗟,嗟呼,噫,於戯,臆
ナゴミ,和瑚美,和瞳,和結
ゴミ,塵,込,吾味
ミマ,弥麻,美誠
ミマス,三舛,見増,mimas
マス,mass,升,枡,桝,益,鱒,摩須,mas
マスネ,増根
スネ,脛,臑,sune
アニ,兄,豈,ani,哥
ニダ,nida
ダケ,丈,岳,峯,嵩,竹,茸,嶽,高
ケニア,kenya
アニメ,anime
メス,牝,雌,metz,mes,mess,meth.
スキ,主基,数奇,数寄,棃,犂,鋤,隙,須岐,須木,周枳
アニマ,anima
ニマ,迩摩,邇摩,二万,仁万,爾摩
マルノ,丸埜,圓野
アネ,姉,姐,嫂
アネッタイ,亜熱帯
ネッ,熱
イデ,出
イデア,依提亜
アー,are
ネタ,妬,嫉
アヒル,家鴨,鶩,安蒜
ヒル,hill,午,昼,晝,蒜,蛭,比留,怯,翻
ヒルガ,翻
ガイ,凱,効,垓,外,害,愷,慨,甲斐,盖,臥位,蓋,街,該,貝,買,階,飼,guy,概,艾
イタ,板,痛,至,炒,傷,到,劬,労,悼,惨,撓,甚,致,頂
ゾ,染,反,剃,沿,添
アブ,虻,安封,安歩,abu,危,炙,焙
ブ,不,分,武,歩,無,部,麩,麸,伏,臥,振,葺,吹,踏,降,打,撃,撫,撲,触
アブル,abul
ブル,bull,震,勃
アメ,天,阿毎,雨,飴,亜萌,ame,愛芽,甘
エ,会,得,慧,枝,柄,榎,江,獲,画,畫,穢,絵,荏,衣,重,餌,絵維徒,良,笑,恵,好,佳,善,宜,彫,快,悦,愛,抉,撰,選,酔,鐫,栄
エナ,胞衣,依菜,依那,恵南,恵奏,恵渚,恵納,惠南,惠納,惠菜,愛捺,映奈,映菜,映那,枝南,永七,永名,永夏,永奈,永梛,永渚,永納,永菜,永那,永雫,瑛奈,瑛菜,瑛那,絵南,絵愛,英奈,英菜,詠南,詠名,詠奈,詠菜,詠那,ena
アラ,安羅,粗,荒,新良,阿良,ara,表,洗,凡,新,浣,澡,現,著,露,顕,嵐
アラス,arras,荒須
ラス,羅須,lath,las,lass,ras
ラスカ,羅洲香,lusca
スカ,ska,須賀,寿賀,sca,賺,透
カサ,傘,嵩,暈,毬,瘡,笠,賀佐,重,累,襲
カサン,加餐,賈粲
サン,sun,三,傘,参,山,散,桟,棧,燦,爨,珊,瓚,産,盞,算,纂,讃,讚,賛,酸,鏟,son,san,惨
サンノ,三埜
アラカ,阿羅訶,預
アラカワ,安良川,有川,阿良川
アラカワク,荒川区
カワク,加涌,川久
ワク,和久,和煦,枠,和玖,湧久,羽宮,羽紅,惑
クデ,久出,公手,久手,拗
ハセ,初瀬,土師,長谷,馳,羽勢
セン,仙,僊,先,千,塼,宣,専,山,川,戦,戰,扇,撰,栓,殱,殲,氈,泉,潜,煎,牋,甎,癬,磚,筌,箋,線,繊,腺,船,詮,詹,賎,賤,遷,選,銭,錢,閃,陝,鮮,cen,sen,徳南線,旋,僭,洗,浅,穿
センタ,專田
センタクモノ,洗濯物
タク,卓,多久,宅,托,択,拓,濯,琢,田久,鐸,夛久,太玖,太矩,taku,taq,託,沢,企,工,巧,蓄,逞
タクモ,拓基,卓茂
クモ,蛛,蜘蛛,雲,曇
スカノ,須加野
カノ,佳納,加埜,圭乃,奏乃,樺乃,花望,華埜,賀野,霞乃,風乃,cano,kano,佳音,叶,敵,称,適
ノマ,乃万,埜真,埜間,埜馬,墅間,noma,飲
マチ,万智,待,満智,町,真弛,街,襠,万知,茉智,茉知,麻灯,machi
アラブ,阿拉伯
ラブ,love,l.u.v,luv,楽歩
ブリ,振,風,鰤,buri
ブリス,bliss
リス,栗鼠,里須,liss,ris
スギ,杉,経過ギ,過
ギ,偽,儀,妓,戯,技,擬,木,柝,樹,気,氣,疑,着,祇,紀,義,議,魏,切,黄,斬,消,聞,決,伐,剪,截,斫,極,欺,汚,祈,艤,岐
カラ,乾,唐,幹,殻,空,辛,辣,迦羅,鹹,kalla,kala,加良,嘉良,歌楽,花楽,花空,香空,kara,嗄,搦,枯,涸,紮,絡
カラブリ,空振リ
カラブリサンシン,空振リ三振
リサ,理彩,麗砂,凛沙,凛笹,凛紗,凜咲,凜彩,凜沙,利彩,律沙,律紗,梨妙,梨嵯,梨彩,梨爽,玲沙,玲爽,理瑳,理裟,璃冴,璃咲,璃彩,璃早,璃沙,莉早,莉裟,里彩,里早,里爽,里瑳,鈴桜,黎咲,lisa,risa,re:sa,李莎,林沙,璃紗,莉彩,莉莎
サンシ,三思,山紫,産仔,蚕屎,蚕糸,蚕紙,蠶糸
サンシン,三線
シン,伸,信,審,岑,心,慎,新,晉,晋,沈,津,深,清,申,疹,眞,真,瞋,神,秦,箴,紳,縉,臣,芯,蓁,蔘,親,診,讖,身,軫,辛,進,針,震,思无,s!n,sin,syn,shin,sinn,寂,振,浸
アリ,在,存,愛里,有,蟻,亜璃,安梨,安理,安莉,ali,ari,歩
リガ,riga
ガジ,gaji
ジュ,儒,受,呪,寿,従,授,樹,珠,綬,需,頌,誦
ジュッ,十,拾
ピ,日,陽,引
ピキ,匹,疋
アリガトウ,有リ難ウ,有難ウ,有難ウ,有賀冬,有賀桃
ガト,画図,畫圖,gath,堅,難
ガトウ,餓島,我戸
トウ,佟,倒,党,冬,刀,十,唐,塔,島,当,投,東,桃,棟,榻,涛,湯,灯,燈,父,當,痘,登,盗,稲,等,筒,答,籐,糖,統,舅,董,薹,鄧,鐙,陶,頭,黨,tow,蕩,豆,透,藤
アリナ,亜梨奈,亜理奈,亜莉奈,亜莉菜,亜里奈,亜里菜,吾里奈,安利菜,安梨奈,安梨菜,安理奈,安理菜,安里菜,安里那,彩里菜,愛梨菜,愛莉奈,愛里奈,愛里菜,有南,有梨奈,杏里菜,益名,益奈,益菜,益那,碧梨菜
リナ,倫菜,凛七,凛夏,凛成,凛那,凜南,凜奈,利納,吏南,吏納,奏奈,彩杏,律奈,李南,李納,李雫,梨七,梨南,梨捺,梨楠,梨渚,梨納,理南,理永,理納,琳名,琳奈,琳那,璃並,璃南,璃名,璃奈,璃納,璃菜,璃那,莉七,莉南,莉夏,莉梛,莉楠,莉雫,里七,里南,里捺,里杏,里梨,里納,鈴那,麗那,麗鳴,lina,llyna,rina,李娜
ナラ,奈良,枹,楢,南良,名良,那良,nara,習,並,鳴,併,倣,傚,列,効,双,均,并,幷,慣,準,竝,陳,雙,馴
アリー,alee,allie,ally
アリーナ,arena
リー,lee,莉,lli
セキナ,昔奈,瀬季南
キナン,輝南
ナン,何,南,男,軟,難,nahn,nan
ナノ,七,奴,nano,奈希,梛乃,楠乃,na:no,渚乃,*菜乃
アリバイ,alibi
リバ,riva,riv.@
バイ,by,bye,倍,杯,枚,梅,灰,buy,馬醫,配,売
イガ,毬,渭河,伊加,啀,歪
バイイ,陪位
イン,in,印,員,婬,尹,殷,淫,院,陰,隠,韵,韻,飲,inn,yin,引,姻
デス,death
スガ,絓,菅,須加,壽賀,菅止,須鹿,縋,尽,清,眇
アリマ,有満,有滿,alima
リマ,lima,李茉,梨茉,浬舞,理万,璃麻,莉茉,里茉
マオ,真央,真女,茉央,麻央,万央,万桜,万櫻,万緒,万織,希央,愛央,愛緒,摩桜,満桜,眞央,眞応,眞旺,眞桜,眞櫻,眞絃,眞邑,真乙,真旺,真欧,真皇,真絃,真英,磨士,磨桜,舞乙,舞央,茉櫻,茉生,茉緒,萬尾,葵緒,麻保,麻桜,麻王,mao,m・a・o,真央♪,真桜,舞音
マオン,真園,真苑,真遠,麻園,麻央胡,麻苑,麻遠
オン,on,御,怨,恩,温,音
オンセ,温勢
オンセン,溫泉
ハコ,hako,函,匣,筐,筥,筺,箱,巴瑚,華瑚,haco!,haco,運,搬
ココ,coco,個々,呱々,戸々,斯,此処,爰,箇箇,茲,小瑚,小虹,小香,幸呼,幸恋,心湖,湖々,湖紅,琥々,瑚々,瑚子,瑚香,胡々,裾々,香々,香瑚,鼓々,coko,好香
アル,或,亜璃,亜留,阿留,aru,有流,歩,步
アルコ,歩行コ,arco
ルコ,瑠子,瑠瑚
コー,koo,kohh
コール,call,cole,coal,cohol,kohl
アン,an,安,庵,按,晏,暗,杏,案,閹,鞍,餡,愛晏,ann,ane,庵叶
アンコ,anco
ガタ,型,形,方,潟,肩,難,堅,固,語,騙
タクサン,taxan
クサ,瘡,種,臭,艸,草,久佐,腐
アルゴ,argo
ルゴール,lugol
ゴー,go
ゴール,goal
アルマ,亜留馬,有真,alma,arma
ルマ,瑠牧,瑠真,瑠麻
マジ,本気,交,拙,混,雑
マジロ,瞬
ジロ,城,白,皎,皓,治呂
ロ,廬,櫓,炉,盧,絽,艣,艪,路,露,驢,魯
ニハ,niha
ロコ,呂子,呂湖,楼子,楼香,蕗湖,loco,roco
ロコウ,蘆江,蘆溝,呂好,芦港
コウイ,厚意,更衣,校尉,皇矣,肛囲,行爲,降以,香以,江夷
ウイ,oui,兎苺,初唯,初衣,卯依,宇以,宇唯,美依,羽以,羽依,羽唯,羽維,雨依,雨唯,初愛,初
マー,mah,mar
アルミ,愛龍美
ルミ,流美,瑠美,留美,流実,流未,流見,琉光,琉実,瑠実,瑠巳,瑠未,瑠海,瑠深,瑠珠,留実,留己,留巳,留弥,留未,留珠,留見,留観,留魅,lumi,rumi,瑠見
ミガ,磨,琢,研,磋
アロ,杏路,洗,浣,澡,粗,荒
アロエ,aloe
エガ,ega,描,画
エド,江都,惠土,edo
ドコ,何処,床,那里,何所
ニモ,nemo,nimo
モナ,望南,望渚,望真,望菜,望那,杜夏,桃菜,百南,百名,百奈,茂名,茂奈,茂菜,茂那,萌南,萌永,萌隆,雲和,mona,moona
アワ,安房,泡,淡,粟,阿波,亜波,吾波,安発,awa,慌,合,併,倂,哀,幷,忙,愍,憐,憫,沫,矜
アワビ,蚫,鮑,鰒,石決明
ワビ,侘,詫,佗
ビノ,vino,備野
ビック,bick,vic,bic
ビックリ,吃驚
クリ,久利,久里,公里,庫裏,庫裡,栗,空里,紅梨
ガオ,gao,気表,皃,貌,貎,顔
オオキ,大,巨城,大耒
オキ,冲,沖,熾,燠,隠岐,oki,億岐,扇喜,於幾,穏岐,置,隠樹,隱岐,雄城
キク,企救,危懼,崎嶇,幾久,禧久,菊,規矩,麴,希久,希玖,木久,樹久,樹來,樹玖,樹紅,生空,紀玖,菊玖,掬
リレー,relay
ノアン,祢安
アンカ,行火,anka,杏賀
アンカー,anker
カー,carr,car
モン,問,文,物,紋,者,門,mont
モンク,monk
アンキ,安企,安輝,安釐,暗己,諳記,安藝,安琦
アンキモ,鮟肝
キモ,肝,胆,kimo
アーン,arn
モイ,茂居,萌泉,moi
アンズ,杏,杏子,杏厨,杏珠,杏豆,ands,anz,anzu,annz,阿牟須
ズ,図,圖,酢,醋,頭,好,寿,外,津,擦,住,刷,据,搗,済,突
ズル,狡
ハド,初戸
アンテ,ante
ナガ,永,長,na-ga,流,乍,眺,視,観
ナガコ,良子,奈賀子,那伽子,那賀子
ガコ,囲
アンマ,anma
マン,man,万,幔,慢,満,萬,饅,万幸,mann,漫
ンダ,田
マンタ,manta
タベスギ,食ベ過ギ
タベスギル,食ベ過ギル
ベス,bes,bess,beth
スギル,経過ギル
ギル,gill,gil
イア,唯亜
イアン,ean
イアンリ,顕麗
イアンリョコウ,慰安旅行
アンリ,henri,安璃,晏麗,杏璃,杏麗,anri
リョ,呂,閭
リョコウ,旅行,閭巷
コウハイ,伉配,曠廃,曠廢,興廃,荒廃,荒癈,弘灰
ハイ,hi,high,佩,廃,拝,排,敗,杯,沛,灰,牌,肺,胚,蠅,裴,裵,輩,邶,配,入,侵,背,這,碆
ハイヤー,hire
イヤ,厭,否,嫌,祖谷,揖屋,卑,癒,苟,賎,賤
イヤー,year,ear
ヤ,八,夜,家,屋,爺,矢,箭,輻,野,焼,遣,止,病,妬,姦,嫉,已,廃,殺,演,灼,熄,燒,犯,痩,瘠,瘦,破,罷,行,辞,辭,退,飲,也,谷,哉,弥
ヤーン,yarn,yean
イー,e,yii
イージス,aegis
ジス,jis
デイ,泥,出樋
イイデ,言イ出,飯豊
デスカ,出須賀
イージー,eg,easy,eazzy
ジー,g,gee,爺
モー,morr,moe.
モード,mode
デモ,demo
モシ,若
シナ,品,榀,科,四七,志梛,紫南,紫奈,詞南,詞梛,詞渚,詞雫,詩夏,詩梛,sina,撓,萎
シナイ,竹刀,sinai
イース,e:s
イースタ,eスタ
スタ,須多,須田,廃
スター,star,星
スタート,start
ター,taar,taa,taa.
タート,tart
ウデ,腕
イイネ,言イ値
ソン,孫,尊,損,村,樽,遜,邨,存,宋
ソンナ,其麼
イイワケ,云イ訳,云ヒ訳,言イ分ケ,言イ訳,言分ケ
イワ,岩,巌,惟和,磐,維和,頤和,iwa,云,况,曰,況,祝,謂
ワケ,分,訣,訳,若,少
ワケイッ,分ケ入ッ,分入ッ
ケイ,京,佳,佳以,兄,刑,卿,啓,圭,型,奎,嵆,形,径,恵,慧,慶,敬,景,桂,渓,珪,琼,瓊,磬,禊,競,系,経,罄,罫,茎,荊,觿,計,警,蹊,軽,邢,頚,頸,馨,鶏,k.,京依,啓伊,啓冶,啓意,啓維,啓衣,圭衣,希唯,希惟,径生,恵以,恵依,恵惟,恵生,桂衣,硅,花井,kay.,kei,key,奎依,慶已,彗,螢
イッ,一,壱,佚,逸
イッテイ,一禎,一禎,一鼎
テイ,丁,亭,低,体,停,堤,定,帝,底,廷,弟,悌,態,手結,氐,渧,程,艇,訂,貞,邸,鄭,體,帝威,tay,tei,呈,挺
テイイ,程頤
インデイ,印出井,因泥
イインカイ,委員会
インカ,允可,印顆,inca
ソレ,其
イエ,家,癒,家燕
エト,干支,江渡,越礪,eto
トイ,刀伊,問,土肥,樋,都尉,toy,人衣
トイエ,登栄
イエヤス,家保,家靖,家泰
エヤ,惠谷
ヤス,夜須,安,廉,易,矢須,屋須,野洌,yas,yass,yasu,休,寝,康,憩,歇
ヤスノ,保乃,保野,寧乃,恭乃,泰乃,泰野,靖乃
スノ,須野,壽野,須縄,suno
スノイ,snoy
ノイエ,neue
ヤスイ,保井,保位,保居,昜居,泰井
スイ,垂,水,粋,綏,翠,膵,萃,遂,錐,騅,sui,主井,須井,睡,酔,吸,推,炊
イカ,以下,凧,厳,如何,烏賊,紙鳶,ica,ika,争,嗔,忿,怒,慍,瞋
タベテ,食ベ手
タイカ,大厦,大廈,大霞,taika,苔花
カハイ,歌俳
ハイカ,俳家,葉衣歌,haika
イカガ,如何,五十河,伊加賀,伊香賀
カガ,伽賀,加々,加鹿,可香,屈,縢,跼,輝
イカイ,遺灰,五十井,伊加井,飯海
イカイヨウ,胃潰瘍
カイヨウ,kaiyo,解傭
イヨ,壱与,伊與,伊葉,伊輿,依世,依夜,唯代,壱予,壹与,維代,衣葉,衣陽,弥
イヨウ,惟庸,異樣,移用
ヨウガ,洋華,陽臥,陽華
ヨウガイ,用海,用皆,要海
ウガ,宇加,uga,穿
ウガイ,含漱,嗽,宇賀居,鵜養
イタイ,伊田井,坂居
タイヨ,貸与
ヨー,yo.
イク,以久,伊久,幾,意気,昱,育,郁,井久,井玖,亥久,亥玖,伊來,伊玖,伊紅,佑育,唯來,意空,猪久,猪玖,行玖,衣久,衣玖,衣紅,iku,戦
イクサ,戦,戰,ixa,ikusa
サニイ,紗仁衣
ニイ,2尉,二,二尉,仁比,兄,弐,新居,nie,新
コノ,此,好乃,狐野,香乃,好
ノイクラ,野井倉
イクラ,以倉,育良,ikra,伊久良,幾良,生良,行羅,郁良,ikura
クラ,倉,冥,庫,昏,暗,溟,瞑,蒙,蔵,藏,闇,鞍,黯,九良,内藏,cura,比,啖,喰,晦,暈,暮,校,眩,競,罔,較
クラハ,食噉ハ,klaha,囷巴
オイク,負イ来
イケ,池,ike,厳,活
イケス,活ケ簀,生ケ簀,生洲,生簀,池洌,池須
ケス,kes
ミセ,店,美勢,見勢
ハイケ,服池
カナ,仮字,伽奈,哉,賀名,郁奈,伽名,伽菜,佳南,佳夏,佳姫,佳楠,佳舞,加南,加苗,可南,叶七,叶南,嘉南,圭奈,圭那,夏南,夏楠,奏凪,奏菜,果夏,果楠,柑菜,桂奈,楓奈,楓菜,樺奈,歌南,耶那,花媛,花波,花流,華夏,華雫,賀奈,賀菜,郁那,雅凪,霞那,風奈,香七,香夏,cana,kana,kana*,叶奈,哉中,榎奈,華音,悲,叶,哀,奏,必,敵,称,適,金,枢
カナイ,加奈井,兼井,嘉那井,賀内
ソノ,其,園,曾野,苑,薗,園乃,奏乃,岨野,素苑,蒼乃,蘓野,颯野,sono
ノイケ,能池
イケン,惟謙,移建
ハツ,初,撥,発,般,鈸,髪,僅
ツイ,対,終,追,墜,就,序,潰,竟,費,遂
イテ,痛
イテイ,慰庭,維楨,以手井
テイケ,手活ケ,手生ケ,tike
テイケン,庭堅,鼎軒
イサ,唯咲,衣彩,isa,勇,漁,潔,諌,諫
イサン,伊飡,彙纂,毉山
サンガ,三峨,三加,三箇
サンガシ,三河市
ガシ,果子,樫,河岸,瓦肆,菓子,貸,餓死
ガシン,臥薪
シンパ,侵破
シンパイ,心配,神拝,親拝,進拝,審配
パイ,敗,杯,牌,pie,肺
イデイ,韋提,伊伝居,伊出井
サンカ,参稼,惨渦,三箇,三荷,三箇村
カタ,剛,固,型,堅,夥多,寡多,形,掛搭,方,潟,片,硬,確,肩,難,語,傾,塊,担,談,頑,騙
カタニ,菓谷
チャ,茶
シガ,shiga,滋賀,翅芽,信賀
ガス,gas,瓦斯
ガスト,gusto
スト,須戸
ストー,stowe
ストーン,stone
トー,toe,糖
トーン,tone,torn
トオ,遠,通,徹,透,亨
トオチ,十市,東落
オチ,落,越智,越知,遠智,陥
テキ,敵,滴,狄,的,翟,適,摘
ノイシ,威子
シハ,思羽
ハナ,洟,端,花,花奈,華,鼻,鼻鼻,巴南,巴渚,巴雫,晴七,波南,珀奈,珀音,琶菜,瑞奈,羽七,羽南,芭並,芭南,芭奈,芭波,芭納,芭菜,芭雫,花那,英奈,英菜,華名,華苺,華雫,葉南,遥絆,遥菜,陽捺,hana,hanah,放,離,嚔,話,岬
スワ,諏方,諏訪,狭訪,翠和,諏和,陬波,陬防,須和,須羽,須輪,suwa,座,坐
スワッ,swa
イスカ,isca,交喙,isk;m,isuca,isuka
イチ,一,壱,夷地,市,依智,唯智,季智,惟智,ichi,呂思清,金学奎
イチョウ,公孫樹,尹趙,帷帳,移庁,移牒,移調,萎凋,銀杏,鴨脚,鴨脚樹
チョ,楮,緒,著,褚
チョウ,丁,兆,寵,帖,帳,庁,廳,張,挺,朝,梃,牒,町,疔,聴,腸,萇,蝶,調,超,趙,長,頂,鳥,金魚蝨,重,弔,徴,諜
チョウガカ,張我華
ガカ,畫家,抱,係,掛
カイチ,懷智,懐智,蛙一,貝市,鶏内
カイチョウ,海潮,海澄,解嘲,諧調,甲斐町
イチョウダ,伊帳田,伊張田,銀杏田
チョウダ,長蛇,趙佗
ウダ,宇陀,菟田,兎太,兔太,夘田,莵田,茹
イッシ,一弛,一思,一矢
イッショ,一生,一緒,一緖
イッショウ,一笑,一咲
イッショウビン,一升瓶
ショ,処,初,嶼,庶,所,書,杵,疏,署,蔗,薯,諸,塩,悄
ショウ,傷,冼,劭,勝,升,厰,哨,唱,商,妾,姓,将,小,少,尚,庄,床,廠,性,承,抄,昇,星,昭,晶,松,檣,正,消,湘,焦,焼,生,症,相,省,礁,祥,称,章,笙,簫,紹,翔,翔央,聖,背負ウ,荘,蒋,蔣,蕉,蕭,衝,証,詔,證,賞,邵,鈔,鉦,鍾,鐘,障,鞘,鞢,韶,頌,志陽,渉羽,祥雨,紫四侑,紫耀,翔鵬,sho,syo,show,syou,商備,翔泳社,娼,招,硝,稱,誦,請
ショウビ,焦眉,薔薇
ウビ,wubi,初
ビン,便,壜,彬,敏,瓶,閔,鬢,貧
ハイッ,這入ッ
ニイド,二井土,仁井戸
イドウ,移動,ido
ドウ,動,同,堂,如何,導,幢,洞,童,籐,胴,道,銅,dough,侑玄堂,灯,豆
イナ,伊南,否,維那,鯔,依奈,依菜,冶菜,唯菜,稲奈,維菜,撥尾魚,稲,辞
イナカ,田舎,稲中
ナカ,中,仲,南花,那珂,那賀,仲嘉,南賀,奈賀,姓嘉,菜々華,腹,勿,半,鳴
カニ,可児,可兒,蟹,加児,河児,賀仁
ニヒ,二臂
カッ,核,活,褐,角,喝,嚇,渇,濶,赫
カッタ,刈田,克太,勝多,轄多,轄太
イナリ,稲荷,稲成
ナリ,也,哉,容形,形,nari,成
リノ,reno,凌乃,凛乃,凛暖,梨希,涼乃,璃乃,莉埜,莉暖,rino,re:no,lino
イヌ,戌,犬,狗,inu
ヌ,寐,寝,沼田藩,抜,貫,塗,縫,脱,濡,吐,拔
ヌガ,奴賀,怒賀
ガキ,垣,堵墻,墻,書,柿,柿子,牡蛎,牡蠣,餓飢,餓鬼
キンチョウ,謹聴,金打,金武町
ドッグ,dog,d.o.g
グ,具,愚,虞,組,食,繰,暮,紅
グシ,串,愚姉,櫛,髪
テル,tel,teru,照,輝,汀留
ネガ,願,希
ガナ,仮名,仮字,gonna,悲
ナガイ,永冶,nagai
イノカシラ,井ノ頭,猪之頭
ノカ,埜花,苗加,野底
カシ,加脂,樫,河岸,瑕疵,菓子,貸,過脂,賀志,香至,cashi,賈至,傾,炊,賢
カシラ,頭
シラ,白,調,報,査,検,精,診
シラニ,白土
ラニ,lani
イイノ,伊井野,猪野,伊井埜,飯野村
エン,偃,円,冤,園,塩,婉,宴,寃,延,椽,淵,炎,煙,燕,猿,琰,瑗,緣,縁,艶,苑,菀,袁,遠,閻,jpy,enn,yen,圓奈,娟,怨,演,援
エンギ,延喜,演伎,縁起,衍義
イフ,if,夷俘,畏怖,異父,移付,唯風
イフク,倚伏,畏伏,畏服
フ,不,二,付,夫,婦,富,巫,布,府,斑,桴,歩,符,経,經,腑,訃,譜,負,賦,附,麩,麸,触,吹,臥,拭,降,伏,踏,振,古,噴,増,履,掉,更,殖,深,狂,老,耽,腐,葺,蒸,践,踐,蹂,震,風,扶
フク,不矩,伏,冨久,副,富久,幅,復,服,浮久,福,袱,複,鍑,腹,含,脹,膨,輻
キテイ,基禎,喜禎,奇蹄,貴禎
イブ,eve,韋蕪,伊府,依夢,依舞,生葵,聖雪,燻,訝
ダカ,高,鷹
ダカラ,宝,財
ラド,lado
ラドラ,rdra
ドラ,銅羅,銅鑼,dora
ドライ,dry,drei
ドライブ,drive,dri-v
ライ,来,癩,羅維,萊,雷,頼,reye,lie,來依,来移,良衣,蕾衣,雷衣,rai
ライブ,live,萊蕪,雷舞,live!
イベ,井陪,位陪,井邉,井邊,伊瓶,伊邉,伊邊
イベント,event
ベン,便,偏,冕,勉,卞,弁,瓣,辨,辯,返,遍
ベント,bent
イッペン,一変,市遍
ペ,屁
ペン,pen,偏,片,篇,編,辺,返,遍,邉
イボ,揖保,疣,ibo
ボ,墓,帆,戊,母,穂,簿,謨,干,掘,坊,惚,褒,彫,誉,僕,呆,暈,棒,募
デキ,出耒
デキタ,出來田,出木田,出来田
キタノ,北,北埜,北生,北能,喜多埜,喜多濃,喜多野,喜夛野,貴多野,汚,穢
ハダ,肌,肌膚,膚,hada
ダレ,誰
レカ,reca
カノイ,加納井,加野井
インボウ,陰謀,隠謀
ボウ,亡,傍,冒,坊,峯,峰,帽,房,暮雨,暴,某,棒,紡,膨,芒,茫,防,bou,望,包,忘,卯
ボウダ,滂沱
イマ,今,依真,依茉,在,坐,忌,戒,未
マニ,満仁,真新
ニイマ,新今
マセ,籬,馬柵,真勢,mase
マセン,厩栓
イヤシ,苟,賤
ヤシ,椰子,香具師,安士,家具師,易,安,廉
シヲ,shiwo
モト,下,元,因,基,望都,本,素,茂登,許,望登,毛登,茂渡,茂都,萌渡,moto!,moto,求,固,悖,探,索,覓,購,需
モトメ,憧求メ,求馬
トメ,止,留,登米,tome
メル,女瑠,梅琉,瞳瑠,瞳留,芽心,芽瑠,芽留,萌留,mar,mell,mel,芽流
ルイ,塁,琉偉,瑠偉,瑠維,瑠衣,留衣,累,誄,類,光斐,塁斗,流依,流光,流唯,流衣,琉伊,琉位,琉依,琉唯,琉已,琉惟,琉維,琉要,瑠一,瑠以,瑠伊,瑠依,瑠威,瑠尉,瑠惟,瑠生,留以,留伊,留依,留唯,留生,留維,路易,*rui*,leui,luy,lui,rui,琉生,瑠唯,瑠已,瑠比,路以
イヨカ,伊代花,伊代香
イヨカン,伊予柑
ヨカ,余暇
イル,入,ile,iru
イルカ,海豚,射鹿,音綸華,iruca
ルカ,流花,流風,瑠可,瑠夏,瑠花,留佳,累佳,流伽,流佳,流夏,流果,流樺,流歌,流禾,流華,流霞,流香,瀧翔,琉佳,琉加,琉可,琉叶,琉嘉,琉夏,琉果,琉茄,琉賀,琉香,瑠伽,瑠佳,瑠加,瑠叶,瑠和,瑠果,瑠架,瑠栞,瑠榎,瑠樺,瑠歌,瑠薫,瑠風,瑠香,留加,留可,留嘉,留夏,留果,留樺,留歌,留花,留賀,累伽,luca,luka,ruca,ruka,流海,涙嘉,琉架,琉珂,瑠華,留渦,留華,留香
ハイル,這入ル,配流,heil
イルス,居留守
ルス,留守,留主,luz
スナ,沙,砂,須名,須那
スナノ,砂埜
ノデ,能出
ホ,保,圃,堡,帆,捕,歩,穂,舗,葡,補,惚,干,掘,欲,堀,乾,匍,匐,吠,吼,咆,哮,彫,放,灯,祝,細,褒,誉,讃,賛,賞,這,頬,頰
ホン,品,本
ホント,本当,honto
ホントウ,奔騰,本ッ当
トウハ,踏破,洞派,闘破
トウハイ,闘牌
イワシ,鰮,鰯
ワシ,儂,鷲
シニ,死
ニツイ,似付イ
テク,技
クレ,久礼,呉,暮,久禮,久連,黒,冥,昏,暗,溟,瞑,蒙,闇,黑,黝,黯
イワナ,岩魚,岩姓,神鳴魚
ワナ,穽,罠
ナノコ,奈乃子,菜乃子
ノコ,鋸,noco,残,遺,殘,貽
コト,事,居登,殊,琴,異,箏,糊塗,言,冴音,小涼,小琴,幸瞳,恋瞳,琥杜,琴都,瑚冬,瑚瞳,瑚都,胡巴,胡音,香杜,香渡,香瞳,香都,coto,koto,寿,断
コトハ,古都羽,思巴,思波,思羽,思芭,思葉,湖都羽,琥斗覇,琴初,琴琶,琴芭,胡斗葉,詞葉,詩葉,采羽
ハイワ,俳話
イワバ,岩庭
バダ,馬駝,bada
バッ,抜,罰,跋
バッカ,幕下,馬ッ鹿,bacca
カリ,ヶ里,仮,借,刈,狩,箇里,訶梨,雁,鴈,kali,c.ali,kari,軽
ナイト,night,名伊渡,夜月,nite
イトイ,威徳井,itoi
トイン,都匀
インゲ,院家
インゲン,扁豆,隱元
ゲン,件,元,原,厳,幻,弦,減,源,玄,現,甗,絃,舷,言,軒,間,阮,限,験,gen,眩
ゲンダ,巌田
イゲ,井削,伊芸
イゲン,惟儼
インコ,陰壺,鸚哥,inco
ミニ,mini,醜
ミニイ,望新,美仁,美仁伊
インド,応帝亜
ドー,doe
アニイ,亜似衣
ドア,door,dor,doa
アナシ,阿那志
ナシ,梨,梨子,無
イイドヨ,飯土用
インネン,因縁
ネン,年,念,燃,粘,拈
ツケ,付,尾行,漬
ツケル,尾行ル
ルヒト,瑠人
トガ,利賀,咎,科,問可,渡加,門叶,尖,尤
トガイ,栂井
ウォッカ,vodka
カオ,気表,皃,貌,貎,顔,佳桜,果央,歌桜,花央,香央,香桜,夏櫻,薫,香,馨
オッ,億,御,仰
ウサ,菟狭,usa
ウサギ,兎,兔,右左喜,usagi,雨咲
サギ,詐偽,詐欺,鷺
ダマ,玉,珠,球,黙,弾,欺,溜,瞞,騙,魂
マサ,masa,昌,柾,満佐,真麻,雅,麻早,正如,眞早,眞瑳,真嵯,真早,真瑳,茉佐,茉咲,茉沙,茉砂,茉紗,ma-sa,政,勝,優,当,正
サレ,佐連
ニヤ,二耶,仁耶,忍弥
ヤラ,屋良,耶良,矢良
ウシ,丑,大人,牛,齲歯,usi,後,喪,失,薄
ガウ,俄羽
ウシロ,後,後呂,牛呂
シロ,代,城,白,皎,皓,紫露,shilo,shiro,治
ウシノ,喪,失
ノワ,noix,叶和,望和,nowa
ワラ,和良,瓦剌,藁,wara,笑,嗤,原
ワライ,微笑イ,破顔イ,笑,苦笑イ
ワライゴエ,笑イ声,笑ヒ声
ライゴ,雷悟,頼吾,頼悟,ligo
イゴ,以後,伊吾,已後,夷吾
ゴエ,声,肥,聲,越
ハウ,how,hau
ウッ,打,鬱
シッ,失,湿,質
シッシ,嫉視,疾視
ウズ,渦,雲珠,埋,疼
ニウ,newwy
ウズラ,鶉,卯津羅,uzura
カワイ,可愛,可愛イ,川合,川相,河合,河相,何合,合羽井,川会,河会,河會,河飯,美乃心,川唯
カワイク,可愛イク,可愛ク
ワイ,y,濊,猥,賄
ワイク,矮躯
ウス,有珠,碓,臼,薄,宇須
ウスラワライ,薄ラ笑イ
ウチ,中,内,宇馳,家,打,衷,裡,討
ウチマ,内門
チマ,知万,智万,chima
チマタ,巷
マタ,亦,又,叉,復,股,瞬,跨
オモイ,尾茂井
オモイッキリ,思イッ切リ
イッキ,一熙,一箕,一簣,一輝,一耀,ikki
キリ,切,桐,錐,霧,季璃,希璃,祈璃,葵莉,葵里,貴璃
キリウ,切斑,城里生
リウ,梨優,璃佑,璃宇,璃宥,璃雨,莉詩,莉麗,riu,rliw
ウッチ,尉遅
マッ,眞,真,膜,抹,末,松
マッタ,全,全田,matta,完
ウチワ,団扇
ウチワモメ,内輪モメ,内輪揉メ
ガチ,勝
チガ,違,異
ウテ,疎
ウテン,于闐
テン,典,天,展,店,滇,点,篆,貂,転,輾,點,ten,tenn,添,轉
テンナ,殿奈,殿菜
ウン,吽,運,雲,倦,蘊
ウツ,utu,欝,鬱,写,移,俯,寫,憑,撮,映,現,空,虚,遷
ウツボ,靫,靱,宇都保,打保,苧坪
ツボ,坪,壷,壺,壼,津保,tsubo,窄,蕾
ボノ,bono
ノオモ,野小生
オモウ,思,小間生
モウツ,毛越
クン,勲,君,訓,薫
デイコ,梯姑
デイコウ,禰衡
イコ,衣袴,依心,維子,ico,iko,厳,憩
イコウ,以降,伊興,意嚮,移行,移項,衣桁,遺構,韋皐,夷侯,維孝
ウド,独活,宇渡,有渡,鵜峠,鵜渡
ウドン,優曇,饂飩,udon
ドン,don,丼,呑,貪,鈍,dong,don!
クウ,空,腔,玖宇,紅宇,雲羽,kuu,玖羽
ウナ,鳥奴,宇楠,詩波,促,呻,唸,耕,魘,鰻
ウナギ,鰻,宇那木,unagi,卯渚,武奈伎,無奈木
ナギ,凪,梛,椰木,竹柏,凪季,南祇,南義,梛木,菜葵,南木
ナギノ,南木野,名木野,奈木野,泙野,薙野
ノヤ,埜谷
ヤロウ,冶郎
ロウ,労,婁,廊,楼,樓,浪,漏,牢,琅,瘻,老,聾,蝋,蠟,郎,鑞,隴,row,rowe,朗,弄,臈
ウラ,宇良,浦,裏,ura,怨,恨,憾,羨,麗
ウラギッ,裏切ッ
ラギ,ragi
ウニ,海胆,雲丹,恩希,有尓,有爾,uni
ニガ,苦,逃
ニガタ,仁賀田
ベラ,箆,篦,遍羅,vera
レル,rhel
コノウ,古納,小納
ノウ,know,嚢,囊,濃,能,能生,脳,腦,膿,農,悩
シソ,紙塑,紫蘇
シソウ,之総,使嗾,使送,宍粟,思想,指嗾,駛走
ミエ,美映,美英,三惠,実永,実瑛,実英,実詠,彌栄,彌榮,望恵,未依,未瑛,未英,果絵,深恵,深慧,深絵,美依,美円,美永,美縁,美詠,見依,訪永,mie
ミエル,海愛琉,美恵留,miel
エル,l,絵留,恵瑠,恵留,慧留,栄瑠,永瑠,江瑠,江留,瑛瑠,笑留,絵流,英瑠,衣留,詠琉,e.l.l,ell,elle,愛瑠
オイシク,美味シク
イシク,石工
シク,使駆,志久,珠玖
クテイ,俱胝
イッコ,一己,一瓠
イッコウ,市行,ikko,乙公,逸剛
ッコ,娘
コウニ,高2
ウマ,上手,午,巧,旨,甘,生,美味,馬,uma,埋,産
マハ,万葉,麻華,maha
ハイガ,俳画,俳畫
イガイ,以外,猪狩,貽貝,遺骸,伊賀井,居賀井,為我井
ガイトウ,外套,崖頭
イトウ,以東,伊富魚,尹東,翫,以頭,伊桐,夷藤,揖東,揖藤,渭東,維統,itou,伊読,依東,依湯
イトウマイ,伊東舞,伊藤マイ,伊藤舞,伊藤麻衣
トウマ,斗真,刀万,堂真,当广,斗須,斗麻,柊真,柊磨,柊馬,桐真,橙真,當山,瞳真,翔真,読真,遠間,闘摩,touma
トウマイ,東妹,玉米
ウマイ,上手イ,熟寝,熟睡,甘味イ,美味イ
マイ,my,儛,幣,昧,枚,毎,米,舞,麻依,万愛,万維,万衣,未依,眞以,眞依,眞唯,眞惟,眞李,眞維,真以,真依,真唯,真惟,真維,磨依,舞以,舞依,舞唯,舞彩,茉以,茉依,茉唯,茉彩,茉意,茉生,茉衣,麗依,麻以,麻唯,麻惟,麻維,麻鮮,麿衣,mai,mye,舞雪,茉愛,<枚>,参,詣
ウメ,梅,夘目,羽萌,ume,呻,巧,旨,甘
メガ,mega,妻鹿,目叶
メソ,meso
ソー,saw,soo,thor
ソーダ,soda,曹達,soda!
スゲ,菅,須下,凄
ウレ,宇連,嬉,患,愁,憂
タン,丹,亶,単,反,單,嘆,坦,担,旦,歎,潭,澹,炭,痰,短,站,端,胆,誕,譚,郯,temps,tan,thann,探,断
ウワ,上,植,浮
ニム,nim
ム,六,夢,無,牟,mgova,向,群,務,剝,剥,蒸,却,咽,噎,対,生,産
ムカ,武華,向,対,迎,邀
カッテ,勝手,katt
ウー,woo
ウンキ,温気
キュ,休生
キュウ,ix,丘,九,仇,休,吸,嗅,宮,急,旧,朽,求,汲,灸,球,窮,笈,糾,級,給,舊,邱,qyu,救,久
キュウカ,休暇,毬花,求荷,球顆
ウカ,齲窩,宇迦,宇郁,詩夏,uca,uka,浮,伺,泛
コシ,古祠,深,腰,虎視,越,輿,轎,古思,拵,狡
シナサ,為做サ,為成サ
ナサ,nasa,何左,南紗,夏沙,情
エイ,依位,営,嬰,嬴,影,楹,榮,永,瑛,睿,穎,纓,英,衛,衞,裛衣,詠,郢,鋭,頴娃,鱏,永依,穎娃,頴姓,栄,映
エイガ,栄花,栄華,榮花,英華,映畫,永華
ガエ,換,替,帰,返,肯,還
トチ,土地,栃,橡
チカ,主佳,値賀,千珈,千賀,千雅,近,千伽,千楓,千薫,千霞,千風,千馨,智伽,智圭,智賀,智郁,椿花,知賀,知雅,祐嘉,誓花,近夏,chika,知誇,幾,誓
チカラ,主税,力,千加良,千夏良,千香良,周空,知加良
カライ,柄井,花蕾
イレ,入,irae,伊禮
ガガ,峨々,峨峨,gaga
ガッ,学,學,月,合
ムリ,無理ィィ
ディ,dxd
ディス,this,dith
ディスラ,disラ
ラナ,楽名,楽奈,楽成,楽渚,楽菜,楽那,浦菜,羅七,良名,良奈,良寧,良波,良菜,良那,藍菜,蘭七,蘭南,蘭奈,蘭菜,頼那,lana,la-na,来渚
ナク,nak,亡
モエ,萌,萌映,萠,望恵,望絵,桃絵,桃衣,百惠,百映,百永,百瑛,百笑,百絵,百衣,茂恵,茂絵,萌依,萌咲,萌永,萌瑛,萌英,萌詠,萠恵,萠惠,萠永,萠江,萠瑛,萠絵,萠詠,moe
モエエ,萌エ絵
イギ,井城
イギョ,移御
イギョウ,異形
ギョ,魚,御,漁,馭
ギョウ,堯,尭,業,経,行,鄴,仰
ニイカ,煮烏賊
イカナ,如何ナ
エー,a
ヨン,iv,四,霊
エサ,餌
サノ,佐埜,佐濃,茶埜
ノエ,野家,乃瑛,乃英,乃詠,埜恵,希依,望絵,望詠
エビ,海老,葡萄,蛯,蝦,鰕,恵比,惠比,衣非,ebi
エビアン,evian,海老庵
ビア,via
ビアン,bien,妃杏
アンダ,菴田
トレ,tore!,tres
レビ,levi
レビア,levia
エロ,偉,豪
エロイ,eloy
ロイ,呂井,呂伊,路依,路惟,遼威,鷺威,roy,lloy
エロエ,工口工
ハカ,墓,破瓜,測,計,咨,図,圖,察,度,捗,揣,秤,諮,謀,量
カイガ,絵画,繪画,介華
カイガイ,絵蓋
ハツカ,初都香,廿日
ツカエ,痞
カエ,換,替,伽江,佳映,佳永,佳詠,加映,加英,可映,可瑛,可英,嘉恩,圭恵,夏永,夏瑛,夏英,果瑛,桂絵,楓依,歌瑛,歌英,花依,花映,花詠,華永,華瑛,霞江,香依,香映,香永,香英,kae,榎英,返,帰,還,却,卻,反,孵,歸,皈,省,顧
カエン,加鉛,夏衍,火焔,火焰,還帰ン,華媛
エンジ,演示,燕脂,臙脂,衍字,遠邇,圓地,圓次,圓治,鳶迩,艶爾
エンジン,厭人
ジン,人,仁,仞,仭,刃,刄,塵,尽,甚,神,腎,陣,gin,jin,jing,sinn,zin,zine
オイモ,芋生茂,oimo
オイモトメ,追イ求メ,追イ需メ
オイモトメロ,追イ求メロ,追イ需メロ
イモト,以元,尹本
メロ,萌芦,萌路,mello
メロン,melon
ロン,崙,論,r-one,ron,r・o・n
オー,o,oh!
オーダー,order
テオ,泰吾,theo
オオダ,苧田
オオダスカリ,大助カリ
オダ,綏田,纓田,oda,o・d・a,煽,穏
ダス,das
オオカミ,狼
オカ,丘,傍,岡,阜,陸,遠香,隠家,侵,冒,犯
オカミ,オ内儀,主上,女主,女将
カミ,上,守,帝,正,神,紙,賀美,髪,荷見,賀味,嚙
オオミ,大参,大己,淤見,王見,近美,逢見,鳳己
オオミソカ,大晦日
オミ,使主,臣,麻績,央美,央見,淤見,omi
ミソ,味噌,味噲,御園,密,禊
ミソカ,三十日,晦日
ソカ,粗菓,遡河,soca
ソリ,剃,橇,曾利,蘓理,sori
ソリョウ,粗療
リョウ,両,了,亮,令,僚,凌,寮,廖,料,梁,涼,漁,猟,瘳,瞭,稜,糧,綾,良,諒,輌,輛,遼,量,陵,霊,領,凌央,凌羽,旅雨,理陽,稜央,ryo,rxyxo,lyo,涼生,鐐,魎
ウリ,売,瓜
オカシ,可怪シ,可笑シ,怪訝シ,オ菓子,御菓子
ツク,津久,作,創,尽,捏,粧,繕,製,造
ツクル,作
クル,久留,佝僂,紅琉,苦,狂,包,困
クルノ,久留野
ニシ,2士,爾志,螺,西,辛螺,仁紫,nishi,西彦
シッパイ,敗欠
イヲ,iwo
カシタ,賀下
シタ,下,姿陀,舌,簧,慕,親,湑
カネ,兼,加禰,矩,金,鉄,鉄漿,鉦,鐘,賀根,予
ネハ,禰波,禰覇
ハオッ,羽織ッ
オカン,悪寒
カンガ,官衙,換鵞,攷,考,鑑,鑒
スゴ,凄,須吾,過
スゴク,素扱ク
ゴク,国,國,御供,斛,極,獄,石,後久
クオ,quo
クオカ,工岡,cuoca
カンム,桓武
カンムリ,冠
コノオ,木尾
オケ,弘計,意奚,桶,置,袁奚
オコ,烏滸,小神,oko,行,起,怒,怠,熾,痴,瘧,興
オコウ,岡豊
アソ,安蘇,安曽,安曾,安蘓,阿曾,阿蘓,遊,浅,淺
アソコ,彼処,asoko
ソコ,其処,其處,底,損
ニオ,鳰,匂,臭
ニオコウ,仁尾庚,仁尾甲,仁尾港
オシ,唖,忍,惜,押,鴛,鴛鴦,鴦,越志,教,訓,誨
オショウ,和上,和尚,osho
ショウサ,傷嗟,小莎,照査
ショウサン,小3,松杉
ガフ,楽府,gaf
フタ,二,蓋,畉田,両
フタリ,2人,二人
リイ,凜衣,利唯,李依,梨以,梨唯,梨惟,玲衣,理以,理依,璃依,璃衣,莉唯,莉妃,李緯
ショウガ,唱歌,声歌,昭峨,昭峩,生姜,生薑,勝華,翔楽
ガツ,月
ツー,to,two
ショク,嘱,植,殖,燭,続,續,職,色,蜀,蝕,触,軾,食,飾,属
クガ,久我,玖珂,玖賀,久峨,久峩,空賀,久閑
タナ,店,棚,夛那,田姓,tana
オオシ,男々シ,男男シ,雄々シ,雄雄シ
ショッ,背負ッ
ショック,shock,sohk
オジ,伯父,伯父翁,叔父,小父,老翁,怖
オジサン,伯父サン
ジサ,萵苣
オッチ,occhi
チャン,ch.,子
オチャ,ocha
チャノ,茶埜,chano
オット,夫,良人
モラ,毛羅,萌蘭,洩,貰
ラオ,羅宇
オットセイ,膃肭獣,膃肭臍
トセ,登勢
トセイ,渡世
セイ,say,世,制,勢,声,姓,性,成,所為,擠,政,整,斉,星,正,清,済,生,盛,精,聖,背,製,西,青,静,勢井,勢衣,瀬以,瀬依,瀬維,ceui,tse,静掃舎,征,晴
ミズ,ms.,水,瑞,美豆,水來,mizz,miz,mizu,自
ミズノ,瑞能,水埜,泉乃,泉野,美須乃,美須野
ノナ,希菜,能名,nona
ノナカ,能仲,埜中,埜仲,濃中,農中
オト,oto,於菟,音,央人,央渡,央翔,桜兎,桜都,櫻都,牡渡,音都,櫻音,落,劣,囮,墜,殞,訪,陥,隕
オトナ,乙名,大人,乙菜,訪
トナ,十七,墨名,都納,唱,殉,称,稱,誦,隣
ナダ,灘,姓田,nada.,nada,宥,傾
オトナシ,大人シ,温順シ
オトナシイ,大人シイ,温順シイ
トナシ,唐梨子
オバ,伯母,叔母,姑母,姨,小母,祖母
バチ,撥,罰,蜂,鉢
ガミ,神,紙,髪,gami,上
オモイデ,思イ出,思ヒ出,想イ出,憶イ出
モイデ,萠出
オヤ,祖,親,屋家
オヤジ,親仁,親父,親爹
ヤジ,彌次,矢司,爺
ジギ,兒戯,時宜,辞宜
ギャグ,gag
イウ,依羽
イウナン,意宇南
ジギャク,自虐
ギャク,逆
オヤマ,女形,飾山,oyama
ヤマ,山,耶麻,邪馬,疚,疾,病
ヤマニ,山児
マア,正,真安,麻安,ma-r,maa
オラ,己
オラン,orang,oran
オランダ,和蘭,和蘭陀,喎蘭,阿蘭陀
ラン,lan,run,乱,亂,卵,欄,爛,苒,藍,蘭,覧,鸞,ran,濫
ランダ,懶惰,randa
ダノ,頼
レモ,lemo
センイ,線維,繊維,譔異,遷移
タア,雫愛
アト,後,痕,趾,跡,阿刀,安登,阿土,能
センフ,先芙
センフツ,千佛
フツ,二,仏,布都,弗,沸
フツウ,普通,阜通
ツウ,痛,通
オンナ,女,婢,恩納,onna,同
オンナガイ,女買イ
イッパ,一巴
パイオン,pion
イオ,倭央,庵,伊央,伊桜,伊欧,依央,依桜,依緒,依音,依麻,偉央,唯央,唯緒,彩央,惟維,李緒,維緒,衣央,衣愛,衣桜,祝
イオン,aeon,ion,唯音