ウ,于,兎,卯,右,塢,宇,得,憂,有,禹,羽,雨,鵜,売,烏
ウメ,倦メ,埋メ,惓メ,梅,熟メ,生メ,産メ,績メ,膿メ,夘目,羽萌,ume
メ,女,奴,海布,目,目ェ,眼,芽,雌
メガ,mega,妻鹿,目叶
ガ,ヶ,何,娥,我,河,画,蛾,賀,雅,駕,鵞,芽,掛
ガウ,俄羽
メー,me-e
オ,尾,御,汚,緒,苧,雄,麻,aux,夫,男
オシ,唖,圧シ,忍,惜,惜シ,押,押シ,捺シ,推シ,鴛,鴛鴦,鴦,越志
オショウ,和上,和尚,osho
シ,仕,使,刺,史,司,四,址,士,始,子,市,師,志,指,支,枝,梓,歯,死,氏,為,私,糸,紙,緇,肢,視,觜,詞,試,詩,誌,資,賜,趾,錙,駟,ウス市,知,下,芝
ショ,処,初,嶼,庶,所,書,杵,疏,署,蔗,薯,諸
ショウ,傷,冼,劭,勝,升,厰,哨,唱,商,妾,姓,将,小,少,尚,庄,床,廠,性,承,抄,昇,星,昭,晶,松,檣,正,消,湘,焦,焼,生,症,相,省,礁,祥,称,章,笙,簫,紹,翔,翔央,聖,背負ウ,荘,蒋,蔣,蕉,蕭,衝,証,詔,證,賞,邵,鈔,鉦,鍾,鐘,障,鞘,鞢,韶,頌,志陽,渉羽,祥雨,紫四侑,紫耀,翔鵬,sho,syo,show,syou,商備,翔泳社
ショウサ,傷嗟,小莎,照査,称サ,稱サ
ショウサン,小3,松杉,硝酸,稱讃,稱賛
ウサ,憂サ,菟狭,usa,宇咲,羽咲
ウサン,ウ散,胡サン,胡散
サ,些,仕,佐,叉,左,差,査,沙,為,然,砂,鎖,小,紗
サン,sun,三,傘,去ン,参,山,往ン,散,桟,棧,燦,爨,珊,瓚,産,盞,算,纂,讃,讚,賛,酸,鏟,son,san
サンガ,三峨,三ケ,三加,三箇
ガフ,楽府,gaf
フ,不,二,付,夫,婦,富,巫,布,府,斑,桴,歩,符,経,經,腑,訃,譜,負,賦,附,麩,麸,扶,吹
フタ,二,蓋,畉田
フタリ,2人,二人
タ,他,多,田,誰,太,為,爲,立
タリ,足リ,多璃,夛利,tali
タリイ,怠イ
リ,利,吏,李,理,痢,裏,裡,里,離,re:
リイ,凜衣,利唯,李依,梨井,梨以,梨唯,梨惟,梨衣,玲衣,理以,理依,璃依,璃衣,莉唯,莉妃,莉衣,李緯
イ,五,井,亥,伊,位,偉,医,委,威,射,居,意,懿,易,潙,為,異,胃,萎,藺,衣,違,遺,鋳,韋,井髙,入,猪
イル,入,射ル,居ル,炒ル,煎ル,熬ル,要ル,鋳ル,ile,iru
ル,le
ショウガ,唱歌,声歌,昭峨,昭峩,生姜,生薑,勝華,翔楽,翔牙
ウガ,宇加,uga
ウガツ,穿ツ
ガツ,月
ツ,唾,津
ツー,to,two
ア,亜,亞,啞,婀,痾,呀,開,上
アイ,eye,eyes,i,亜依,亜已,会イ,厭イ,合,合イ,哀,娃,安威,愛,愛衣,明イ,晤イ,歩衣,相,空イ,藍,逢イ,遇イ,遭イ,開イ,間,阿井,阿姨,隘,飽イ,aye,亜唯,亜惟,亜維,吾唯,吾惟,吾衣,娃伊,娃依,娃冶,娃維,娃衣,安唯,安維,安衣,心依,愛唯,有衣,杏依,杏唯,杏結,歩唯,歩惟,阿唯,阿惟,彩衣,藍維
アイス,ice,愛ス,愛朱,愛須,a.i.s,iyse,逢栖
イス,椅子,井須,伊須,猪須
ス,州,巢,巣,洲,簀,簾,素,酢,酸,醋,馬尾,鬆,水
ハ,刃,坡,巴,播,歯,波,派,破,端,羽,葉,覇,安力川,角竜類
アイツ,倭津,彼奴
イツ,一,云ツ,五,何時,佚,入ツ,壱,稜威,言ツ,謂ツ,逸,伊律,衣都
ツノ,角,都濃,都農,津埜,築野,都野
ノ,乃,之,幅,廼,野,野又肇
スス,煤
ススケ,煤ケ
スケ,亮,介,佐,助,助ケ,好ケ,抄ケ,梳ケ,漉ケ,空ケ,透ケ,鋤ケ
ケ,ヶ,卦,家,毛,気,笥,褻,蹴
ケー,k,k.
ト,兎,十,堵,屠,徒,戸,斗,杜,涂,砥,途,都,九斗
アイスケ,愛祐,愛佑,愛輔,阿維介
イスケ,イ輔,井丞,井佑,井祐,井輔,亥丞,亥佑,亥祐,亥輔,伊丞,伊佑,伊祐,伊輔,猪丞,猪佑,猪祐,猪輔,維丞,維介,維佑,維助,維祐,維輔,衣丞,衣佑,衣祐,衣輔
ケド,化土,外戸
ド,°C,土,奴,度,怒,戸,砥,島
アイセ,愛セ
アイセキ,哀惜,愛惜
イセ,伊勢,医セ,委セ,慰セ,井勢,以勢,伊生,伊青,唯世
イセキ,偉蹟,移籍,遺セキ,遺跡,遺蹟,井塞,井碩,井磧,井跡,井關,伊勢城,伊勢木,伊關,夷石,生関,iseki,維積
セ,世,仕,施,瀬,為,畝,背,脊,礁
セキ,咳,咳キ,堰,堰キ,塞キ,寂,尺,席,急キ,戚,石,積,籍,藉,責,赤,関,隻,勢喜,勢木,勢起,seki
キ,伎,几,危,喜,器,圻,基,奇,姫,季,岐,希,徽,忌,揆,旗,既,期,木,木ィ,来,柝,桅,樹,機,毅,気,気イ,氣,汽,熹,生,畿,癸,着,祺,稀,簋,紀,綺,著,葱,衣,規,記,豨,貴,起,軌,郗,騎,驥,鬼,黄,鍵盤付,其,屹,帰,棄
デ,de,出,手
デア,der,dare
デアイ,出アイ,出会,出会イ,出会ヒ,出合イ,出逢イ,出遇イ,出遭イ,出會,出逢
セッ,競ッ,糶ッ,赤
セッキ,折毀,炻器,石器,石基,節季,節気,雪肌,石碁,セッ器
セッキン,接近,石琴
キン,伐ン,切ン,勤,听,均,巾,截ン,斤,斫ン,斬ン,欣,欽,琴,瑾,着ン,磬,禁,禽,筋,菌,著ン,衣ン,近,金,金武,錦,鏧,鑽ン,k.i.n,kin,近貨
アイド,相渡,aido
アイドル,idle,idol
イド,緯度,依戸
ドル,取ル,執ル,奪ル,征ル,捕ル,採ル,摂ル,撮ル,獲ル,盗ル,録ル
ルノ,留乃,ル乃,流埜,琉乃,琉望,瑠乃,瑠野,luno
ルノア,月蒼愛,琉希明,瑠乃亜,留乃亜
ノア,noaa,nor,野阿,noah,乃有,乃空,乃絢,乃綺,乃蒼,乃藍,乃逢,乃麻,之安,之愛,之阿,典杏,埜杏,埜紅,埜阿,如愛,希綾,希藍,希麻,暖歩,望亜,望愛,望明,望結,望絢,穏愛,聖杏,野愛,野有,n@h,noa,nore,noxah,noi'x,noi’x,乃愛,希空
アイト,亜惟杜,愛生斗,愛登,曖衣斗,藍人,藍翔,aight,碧人
イト,伊覩,怡土,意図,意圖,異図,糸,絲,井登,唯音,絆音,結糸,維人
イトル,射取ル
トル,取ル,執ル,奪ル,征ル,拿ル,捕ル,採ル,摂ル,撮ル,攬ル,獲ル,盗ル,録ル,torr
アイソ,哀訴,愛ソ,愛想,相磯,会曽,会磯,合磯,愛磯,相曾,相蘓,藍磯,間曾
アイソウ,愛ソウ
イソ,磯,礒,井曾
イソウ,磯ウ,移相,移葬,移送,井漕,井藻,射添,石生
ソ,其,曽,楚,疎,疽,祖,祚,租,粗,素,蘇,酥,麤,鼠,厥
ソウ,倉,僧,副ウ,創,双,叟,叢,壮,奏,宋,宗,層,巣,惣,想,早,曹,曺,曽,曾,桑,槽,沿ウ,添ウ,然ウ,爽,瘡,皕,相,筝,箏,総,總,聡,聰,艘,艚,草,荘,葬,装,走,躁,霜,sou,想歌,想羽,曾宇,爽羽,草雨,蒼爽,走羽,saw,sow,sxoxu,創企社
ソウノ,荘埜,惣埜,操野,素野,艸野
ウノ,鸕野,卯埜,夘埜,夘野,宇埜,苧野,uno,宇能,雲乃
ウノイ,宇ノ井,宇野井
ノイ,退イ,乃依,乃唯,乃維,希依,希衣,望衣,稀依,能井,neu!,noy
イイ,云イ,以夷,依倚,可イ,唯々,唯唯,善イ,好イ,快イ,怡々,易々,生イ,美イ,良イ,言イ,謂,謂イ,飯,飯井
イヒ,云ヒ,言ヒ,謂ヒ
ヒ,一,丕,乾,卑,否,妃,婢,干,悲,日,曾,杼,桧,梭,樋,檜,比,火,灯,碑,秘,簸,緋,脾,被,譬,費,避,陽,非,飛,皮
ヒト,一,人,他人,女,hito
ヒトト,一青,人渡,人登,仁斗,仁渡,仁登,仁都,斉人
トト,父,都々,toto
トハ,問ハ,土坡
ハキ,佩キ,刷キ,吐,吐キ,喀キ,履キ,掃キ,杷木,破毀,穿キ,蹈キ
キガ,帰臥,起臥,飢餓,饑餓
アオ,会オ,合オ,晤オ,碧,蒼,逢オ,遇オ,遭オ,阿尾,青,亜生,愛勇,有緒,杏央,葵桜,逢生,a-o,青央
アオモ,蒼モ,青モ
オモ,主,生茂,重,面,尾母,尾茂
オモリ,重リ,錘,オ守
モ,喪,藻,裳,萌
モリ,守,守リ,杜,森,母利,洩リ,漏リ,盛,盛リ,護,銛,最里,森莉,母里,茂理,茂里,mori
モリデ,森代
オオ,多,大,太,負オ,趁オ,追オ,逐オ
オオモ,大面
オオモリ,大モリ,大盛リ,亰守,大毛利,大漏
アカ,厭カ,垢,明カ,朱,淦,空カ,紅,緋,赤,赧,赫,赭,開カ,閼伽,阿哥,阿嘉,阿花,阿迦,飽カ,argha,阿賀
アカハ,明羽
カ,下,乎,仮,何,価,加,化,可,嘉,夏,家,彼,戈,日,果,架,柯,歌,歟,河,火,禍,科,窩,花,華,蚊,課,貨,賈,軻,過,香,鹿,ヵ,掛,斯
カハ,市ハ
アカン,阿寒
カン,乾,侃,借ン,冠,函,刈ン,刊,刋,勘,卷,咬ン,噛ン,噬ン,嚙ン,嚼ン,坎,奸,姦,姧,完,官,寒,寛,嵌,巻,干,幹,患,感,慣,擤ン,柑,桓,桿,棺,款,歓,漢,澗,灌,煥,燗,狩ン,環,甘,甲,疳,癇,皖,監,稈,穫ン,管,簡,緘,緩,缶,罐,肝,舘,艦,艱,苅ン,菅,観,觀,讙,貫,鐗,鐶,鑑,鑒,鑵,閑,間,関,韓,館,駆ン,駈ン,鹹,加運,can,kan
アカンタ,赤沼田
アカンタイ,亜寒帯
アカンタイキコウ,亜寒帯気候
カンタ,勧多,勧太,堪太,完大,幹大,敢多,敢大,敢太,栞太,歓大,漢大,莞多,莞大,莞汰,貫汰,canta
カンタイ,喚体,杆体,桓魅,桓魋,款待,歓待,緩怠
タイ,体,台,堆,大,対,對,帯,態,戴,棣,泰,炊イ,炷イ,焚イ,耐,腿,諦,退,隊,鯛,thai,tie,但井,夛井,辰勲
タイキ,太樹,太紀,待期,待機,大揮,大葵,太喜,太基,太希,太綺,太貴,太輝,平騎,汰樹,泰己,泰輝,taiki,戴熙,戴逵,泰祈
タイキコウ,大気光
イキ,位寄,去キ,域,壱岐,壹岐,彝器,往キ,息,息気,意企,活キ,生キ,畏忌,粋,粹,行,行キ,逝キ,閾,食其,伊祁,依期,夷亀,猪城
イキコ,伊基子,生キ来,伊紀子,伊規子
イキコウ,往キコウ,行キ交ウ
キコ,利コ,効コ,尋コ,旗皷,旗鼓,聞コ,聴コ,訊コ,騎虎,鬼狐,喜鼓,季幸,季瑚,季香,希己,希幸,希香,桔子,祈胡,絆子,綺瑚,葵子,貴香,鬼籠,麒子,kiko,quico,kiko+
キコウ,乞巧,僖公,僖康,利コウ,効コウ,基厚,奇巧,寄港,寄稿,寄航,尋コウ,崎港,帰岡,柵養,機巧,機搆,機構,気閘,煕洽,畸行,稀覯,聞コウ,聴コウ,葵光,訊コウ,鬐甲,希宏,木興,葵興,輝煌,輝耕
コ,仔,個,児,古,呼,壷,娘,子,孤,小,庫,弧,戸,扈,故,来,湖,滬,濃,粉,股,胡,胯,蚕,蠱,觚,顧,之,是,此
コウ,乞ウ,亢,交,交ウ,侯,候,光,公,功,劫,効,口,后,向,吼,坑,好,孔,孝,工,幸,広,庚,康,後,恁ウ,恋ウ,恍,抗,支ウ,攷,攻,敖,斯ウ,暠,校,汞,江,洪,洸,浩,港,溝,濃ウ,炕,煌,爻,璜,甲,皇,皎,硬,礦,神,稿,篙,糕,紅,絳,綱,羹,考,耕,耿,腔,膏,航,行,衡,請ウ,講,買ウ,購ウ,酤ウ,鉱,鋼,鎬,闔,降,項,飼ウ,香,高,鴻,黄,黌,昊洸,琥羽,瑚羽,皐羽,航生,kou
コウハ,浩玻,甲把,koha
アキ,倦キ,厭キ,安岐,安紀,安芸,安騎,愛来,明キ,明希,明記,昭,晶,晶紀,有紀,秋,空キ,開キ,阿基,阿琪,飽キ,亜枝,亜葵,亜輝,公希,吾喜,吾季,吾希,吾木,吾樹,吾紀,吾記,吾貴,天紀,娃伎,娃來,娃喜,娃季,娃岐,娃希,娃来,娃樹,娃祈,娃稀,娃紀,娃葵,娃貴,娃輝,安喜,安季,安希,安毅,安藝,彩季,彩記,愛基,愛季,愛紀,愛綺,愛貴,明來,明喜,明季,明来,明樹,明耀,晶希,晶輝,有喜,有起,朝輝,朱希,杏來,杏季,杏紀,杏綺,杏貴,知姫,秋希,秋来,絢希,藍旗,諒季,諒気,諒祈,諒綺,逢姫,逢希,阿紀,阿貴,&aki&,aki,a・k・i,秋樹,紋季,阿鬼
アキハ,亜樹葉,亮葉,尭葉,彬葉,彰羽,彰葉,愛希葉,明季葉,明希葉,明波,明羽,明葉,映葉,昭場,昭庭,暁波,暁羽,暁葉,朗葉,淳場,淳庭,淳葉,瑛葉,璃場,璃庭,璃葉,秋桜花,穐場,穐庭,穐葉,諒波,諒羽,陽巴,顕羽,顕葉,akiha
ハモ,喰モ,食モ,鱧,葉茂,海鰻鯉
ハモウ,喰モウ,食モウ
モウ,孟,揉ウ,毛,猛,盲,網,舞ウ,蒙,魍,mow
モウア,盲唖
ウア,烏鴉
アキア,akia
アキアキ,倦キ倦キ,厭キ〳〵,厭キ厭キ,飽々,飽キアキ,飽キ飽キ,秋アキ
キア,希阿,樹安,樹阿,祈杏,紀安,紀阿,絆彩
キアキ,祺昌
ニ,丹,二,似,尼,弐,烹,煮,肖,荷,二引,仁,兄
ニナ,蜷,二那,仁捺,仁華,仁那,仁雛,希菜,笑和,虹那
ニナッ,担ッ,荷ッ,荷ナッ
ナ,亡,儺,名,失,奈,奴,無,莫,菜
ナッ,成ッ,為ッ,生ッ,綯ッ,鳴ッ
タノ,田埜
ノハ,饒波
アキラ,亜喜良,亮,全,叡,哲,啓,彬,彬良,彰,彰良,日明,旦,旭,旻,昌,明,明楽,昭,昭良,昱,昶,晁,晃,晄,晟,晶,暁,暁良,暉,曄,朖,朗,煇,玲,瑛,璋,皓,瞭,秋良,章,粲,聡,輝,鑑,阿伎良,陽,顕,顕彰,顯,亜希良,亜期羅,亜毅羅,亜紀良,亮来,啓来,央來,央蘭,央頼,安紀良,審良,尭羅,愛姫羅,旭良,明来,明樂,明等,明羅,明貴良,明頼,映來,映来,映良,映頼,晃弦,晃良,晄来,晟良,晶良,暁羅,有季羅,玲來,玲良,玲頼,瑛楽,瑛良,礼來,礼羅,礼蘭,礼頼,秋來,秋来,秋楽,秋頼,章来,章良,緋梨,聡来,聡良,諒來,逢煌,郷来,阿木良,陽來,akira,亜希蘭,日日日,聖,阿岐羅
アキラカ,彰カ,彰ラカ,明カ,明キラカ,明ラカ,燎カ,闡ラカ,顕ラカ,明力
キラ,伐ラ,切ラ,剪ラ,吉良,截ラ,斫ラ,斬ラ,紀良,葵蘭,鑽ラ,雲英,吉樂,吉羅,嬉来,季楽,季良,希来,希楽,希良,木浪,木良,桔来,煌逢,祈聖,稀來,紀来,絆良,綺來,綺良,芹星,葵良,貴來,貴良,輝煌,輝蘭,kira,kila,希星
ラ,等,羅,螺
カダ,伽陀,加太,華佗,佳田,鍛田,鍜田,賀田
ダ,堕,大,惰,打,田,舵,駄,多
アキタ,明田,飽田,齶田,安芸田,淳田,璃田,穐田,阿北,龝田
アキタニ,明谷,淳谷,璃谷,穐谷
キタ,北,來田,喜夛,城多,貴夛,kita
キタニ,木渓
タニ,谷,谿,多児
タニア,tania,多仁亜
ニア,neer,nia,neah,near
アキタケ,彰丈,彰健,彰岳,彰竹,明丈,明健,明岳,明武,明竹,昭健,晃丈,晃健,晃岳,晃竹,晶健,秋健,秋剛,秋威,秋孟,秋猛,秋赳,章丈,章健,章岳,章竹,明毅
アキタケン,秋田犬,秋田県
キタケ,着タケ
キタケン,キタ圏
タケ,丈,多慶,岳,峯,武,炊ケ,炷ケ,焚ケ,竹,茸,長ケ,闌ケ,他化,多計,嶽
タケン,他見,哮ン,炊ケン,焚ケン,猛ン,長ケン,闌ケン
ケン,件,倹,健,兼,券,剣,劍,圏,堅,妍,姸,建,惓,憲,拳,検,権,權,犬,県,研,縣,腱,莧,虔,謙,賢,蹴ン,蹶ン,軒,鍵,間,険,顕,黔,ken,kenn,カバ県,ガル県,グマ県,トリ県,ニヤ県,ロプ県,建溶,建販
アキナ,明奈,明菜,明那,章菜,亜季名,亜季奈,亜季菜,亜季那,亜希奈,亜希菜,亜樹名,亜樹奈,亜樹那,亜紀奈,亜紀菜,亜綺奈,亜貴名,亜貴奈,亜貴菜,亜貴那,啓七,啓名,啓夏,啓那,安希奈,彩希菜,彬菜,彰南,彰名,彰奈,彰茄,彰菜,彰那,愛紀菜,愛綺奈,愛輝那,日月奈,明南,明名,明季奈,明希来,明茄,映七,映南,映名,映奈,映那,昭茄,昭那,晃南,晃名,晃奈,晃茄,晃菜,晃那,晶南,晶希菜,晶茄,晶那,暁名,暁奈,暁捺,暁菜,有希那,爽奈,瑛菜,璃奈,礼七,礼名,礼夏,礼渚,礼納,礼菜,礼雫,秋南,秋茄,秋那,空奈,空納,空那,章七,章南,章夏,章奈,章納,章茄,章那,翠那,諒七,諒南,諒名,諒夏,諒奈,諒納,諒菜,逢希奈,陽捺,akina,アキ菜,彬名
アキナイ,商,商イ
キナ,喜納,機那,規那,公奈,妃乃,姫那,希南,希那,祈菜,稀那,紀那,輝菜,kina
キナイ,来鳴イ
ナイ,亡イ,内,凪イ,勿イ,号イ,和イ,哭イ,啼イ,失イ,奶,微イ,成イ,无イ,欷イ,泣イ,無イ,綯イ,罔イ,莫イ,薙イ,鳴イ,姓井
イハ,云ハ,言ハ,謂ハ
アケ,厭ケ,明,明ケ,朱,空ケ,飽ケ
アケビ,木通,通草,明比,朱弥,阿介比
ビ,尾,微,日,火,糜,美,郿,陽,鼻,日紹,日衡,日設,美謄堂
ビデ,bidet
ビデオ,video
オオアク,大阿久
オオアクビ,大アクビ,大欠伸
オア,or
アク,厭ク,安久,悪,惡,明ク,灰汁,空ク,開ク,阿久,飽ク,亜久,吾久,安駆
アクビ,欠伸
ク,九,具,区,區,口,句,吼,来,狗,瞿,苦,躯,軀
クビ,頸,首,馘,久比
アサ,asa,厚狭,安佐,朝,浅,淺,阿佐,麻,亜咲,娃佐,娃冴,娃咲,娃早,娃沙,娃瑳,娃砂,安彩,安沙,安紗,明佐,明沙,阿咲,阿沙,阿砂,阿紗,麻咲,麻紗
アサリ,歯振,浅蜊,漁リ,asari,亜沙里
サリ,去リ,往リ,沙梨,佐莉,冴理,咲李,咲理,嵯梨,彩李,彩璃,早利,早李,早梨,早理,早莉,早里,桜里,沙璃,瑳里,紗梨,紗莉,咲莉
リヨ,凛夜,梨世,梨予,梨代,梨夜,梨陽,理依,理葉,璃与,璃世,璃代,璃夜,莉世,莉代,莉夜,里誉
リヨウ,リ用,俚謡,李邕,梨耀,理容,里謡,鯉洋,李膺
ヨ,yo,与,世,予,代,余,佳,善,四,夜,好,宜,快,悦,良,豫
ヨウ,佳ウ,俑,八,善ウ,四,好ウ,姚,宜ウ,幼,庸,快ウ,悦ウ,揚,曜,杳,楊,榕,様,洋,瑤,瑶,用,癰,窯,羊,良ウ,葉,蓉,要,鄘,酔ウ,陽,雍,養,耀生,葉羽,yoh
アシ,悪シ,惡シ,脚,芦,葦,葭,蘆,足
アシノ,楫野,芦埜,葦埜,asino
シノ,信乃,死ノ,篠,紫乃,志埜,思乃,思望,慈乃,柴乃,栞乃,椎乃,止野,汐乃,示野,篠乃,紫濃,shino,獅乃,茨乃
ノヨ,野與
ヨシ,佳シ,吉,善,好シ,止シ,由,縦シ,義,良シ,葦,蘆,余思,yoshi,善シ
ヨシア,芳亜
ヨシアシ,ヨシ悪シ,善シアシ,善シ悪シ,良シアシ,良シ悪シ,良悪
シア,枝椏,紫亜,史安,史愛,史有,史阿,志愛,志阿,栞亜,糸愛,蒔彩,詩安,詩明,詩阿,雫愛
アジ,味,庵治,按司,網地,阿字,鯵,鰺,網師,阿治,阿路,aji
アジノ,網師野,阿字野
ジ,乳,事,二,児,地,子,字,寺,尓,師,慈,持,時,柱,次,璽,痔,磁,耳,自,路,辞,辭,爺
アス,明日,娃守,娃須,ass
スパ,spa!
パ,把,波,派,羽
パラ,p‐,para
タベ,喰ベ,給ベ,賜ベ,食ベ,夛部,田倍
タベレ,喰ベレ,食ベレ
ベ,部
レ,les
バ,刃,場,婆,把,歯,羽,葉,馬
ラダ,rada
ダイ,die,代,台,大,抱イ,第,題,鯛,dye,臺井,d.i.e,da-ii,dai,d・a・i,大應,大設
ダイス,台子,題ス,dice,die's,die’s
アタ,咫,阿多,阿太,阿田
アタマ,頭
タマ,偶,多摩,多満,多磨,多麻,多麿,弾,玉,珠,球,霊,魂,tama,多舞,玉麻,田广,田摩
マ,眞,真,間,馬,魔,[ma],負
マガ,馬把,馬杷
アッ,会ッ,合ッ,在ッ,悪,惡,晤ッ,有ッ,逢ッ,遇ッ,遭ッ
タマル,堪マル,堪ル,溜マル,溜ル,耐ル,蓄マル,貯マル,貯ル,玉留,田圓,田丸氏
マル,maru,丸,円,眞流,真流,麻流,丸〆,丸互,丸彦,舞留
アタラ,中ラ,可惜,当タラ,当ラ,抵ラ,膺ラ
アタラシ,当タラシ,新,新シ,新ラシ,新子,丁嵐,新志,新敷
アタラシイ,新シイ,新ラシイ
タラ,多良,太良,足ラ,鱈,tara,田良,多羅国,大口魚
タラシ,垂シ,垂ラシ,滴ラシ,誑シ
ラシ,裸子
シイ,四,四囲,四夷,四維,如イ,尸位,屍衣,布イ,強,強イ,思惟,恣意,敷イ,施イ,施為,旨意,椎,椎井,紫衣,誣イ,酸イ,鴟夷,史依,史維,志依,志生,推井,施井,海依,詩以,詩依,詩唯,詩維,紫唯
イモ,妹,忌モ,痘痕,芋,薯,藷,伊毛
イモノ,伊茂野,鑄物
モノ,mono,物,者
アタミ,熱海,atami
タミ,民,多海,多珠,多魅,汰実,汰美,tami
ミ,三,味,実,実ィ,巳,御,未,看,瞥,箕,見,見イ,視,覧,観,診,試,身,躬,靚,mimee,申,美
ミデア,midea
デアッ,出アッ,出会ッ,出合ッ,出逢ッ,出遇ッ,出遭ッ
ミタ,充タ,満タ,mita
ミタイ,三田井
アタリ,中リ,当,当タリ,当リ,抵リ,膺リ,辺,辺リ,atari,阿多利
リメ,rimet
ハオ,匍オ,匐オ,這オ,華緒,葉生
オイ,招イ,措イ,擱イ,於イ,生,甥,笈,置イ,老,老イ,老ヒ,負イ,趁イ,追イ,逐イ,小居
オイシ,オ石,美味シ
オイシイ,美味シイ,oixi
イシ,伊摯,倚子,医シ,委シ,威示,尉氏,意思,慰シ,甃,石,移祀,縊死,遺矢,頤使,頤指,異翅,一礁
イシイ,伊志井,伊志伊,isii
シイネ,椎寧,椎嶺,詩依音,詩衣寧,詩衣嶺,詩衣音
イネ,寝ネ,往ネ,稲
ネ,値,子,寐,寝,根,音
アッカ,安家,acca,akka
アッカン,圧巻,圧感
アツ,充ツ,厚,圧,在ツ,敦,暑,有ツ,熱,篤,逢ツ,亜都,厚保
アツカ,敦佳,淳夏,温香
アツカン,アツ燗,暑カン,熱カン,篤カン
ツカ,付カ,冢,即カ,卽カ,吐カ,塚,就カ,従カ,憑カ,掬,搗カ,撞カ,支カ,束,柄,活カ,点カ,着カ,突カ,築カ,著カ,衝カ,蹤カ,附カ
ツカン,捕ン,掴ン,摑ン,攫ン,浸カン,漬カン
アツカワ,扱ワ,渥川,阿津川
ツカワ,使ワ,費ワ,遣ワ,都川
カワ,kawa,交ワ,佳話,側,川,支ワ,河,皮,買ワ,購ワ,酤ワ,革,飼ワ,賀羽
カワン,代ワン,代ン,変ワン,変ン,換ワン,替ワン,替ン,渝ン
ワ,倭,和,把,環,羽,話,輪,輪バネ
ワン,one,wan,割ン,椀,湾,破ン,碗,腕
サイ,催,債,再,割イ,咲イ,塞,妻,宰,寨,崔,才,摧,斉,斎,最,止イ,歳,災,犀,砕,祭,細,菜,蔡,裁,裂イ,西,賽,采,際,骰,骰子,psi,thigh,宰井,彩李,斉井,沙依,沙維,紗以,psy,sai,say,sigh,scye,zai,御柱祭
サイト,site,催吐,彩都,才人,宰渡,宰登,嵯糸,彩人,彩斗,才渡,才登,祭人,齊戸,齋戸,s’yte
ニアッ,似アッ,似合ッ
アップ,up
プ,婦,布,符,譜
スル,仕ル,刷ル,剃ル,掏ル,摩ル,摺ル,擂ル,擦ル,為ル,磨ル,suru
リン,倫,凛,厘,廩,林,燐,琳,臨,輪,鈴,凜名,ling,linn,lynn,rin,rin',rin.,rin’
リンゴ,林檎,苹果,林吾,琳瑚,ringo,lingo
ゴ,五,仔,伍,児,呉,娘,子,後,御,期,棊,碁,語,誤,豆汁,豆油,アミ語,スー語
モチ,以チ,保チ,持,持チ,望,糯,餅,餠,黐,毛千,茂地,茂知
モチアゲ,モチ上ゲ,持チアゲ,持チ上ゲ,持上ゲ
チ,乳,値,地,家,智,池,治,痴,癡,知,稚,茅,血,遅,千欣,千
チア,千安,千彩,千阿,智彩,智杏,智阿,知安,知杏,知阿,chia,千愛
アゲ,叫ゲ,呈ゲ,安下,安芸,挙ゲ,揚,揚ゲ,擧ゲ,舉ゲ,上ケ,上箇
アゲテ,上ゲ手,揚ゲ手
ゲ,下,偈,夏,外,毛,気,花,華
テ,手,手ェ,te',te’
テア,teah
アップル,apple,aapl
プル,pull
アッタカ,暖カ,温カ
ッタカ,ッ高
ッタカイ,ッ高イ
タカ,多佳,多寡,炊カ,炷カ,焚カ,貴,高,高カ,高価,鷹,多伽,隆影,taka,taca
タカイ,貴以,高イ,高カイ,高価イ,田加井,高飯
カイ,cay,kai,个簃,乖,交イ,会,佳以,假イ,効,匙,嗅イ,嘉比,回,塊,壊,峡,快,怪,恢,悔,戒,掻イ,搔イ,支イ,書イ,會,枻,楷,櫂,欠イ,海,甲斐,界,皆,缺イ,舁イ,花彙,花維,華夷,解,誡,貝,買,買イ,購イ,酤イ,開,闕イ,階,隗,飼,飼イ,伽以,佳依,佳維,叶偉,和依,夏維,改,改井,樺一,歌依,海唯,甲伊,花郁,賀井,香依,香維,魁壱,cai,賈彝
カイノ,甲斐,加井野,廻野,海農,甲斐埜,甲斐野,香衣乃,caino
イノ,猪,井埜,井箟,亥埜,伊埜,依乃,居埜,居能,李乃,猪埜,猪能,維乃,ino
ノミ,吞ミ,呑ミ,喫ミ,嚥ミ,而已,耳,能美,蚤,鑿,飲ミ,能味,野海,能見
ノミモノ,吞ミ物,飲ミモノ,飲ミ物,飲物
ミモ,未母,me:mo,mimo.
ミモノ,見モノ
モノハ,萌乃葉
アテ,充テ,安殿,宛,宛テ,当,当テ,阿手
アテネ,雅典
アナ,亜那,孔,穴,竅,有那,阿奈,阿那,ana
アナゴ,海鰻
ナゴ,凪ゴ,名護,和ゴ,薙ゴ,南居,名古,名胡,奈古,奈胡,姓護
ゴル,gol
ルナ,流奈,流菜,瑠奈,月叶,月那,流南,流永,流波,流那,潤奈,琉南,琉名,琉奈,琉月,琉楠,琉永,琉菜,琉那,瑠七,瑠南,瑠名,瑠梛,瑠真,瑠菜,瑠那,瑠雫,留南,留名,留奈,留菜,留那,羅奈,luna,runa,屡那,瑠愛
タベル,喰ベル,食ベル
ベル,bell,belle,辺留,bellu,vel
ベルト,verte
ルト,琉斗,瑠都,留斗
アア,吁嗟,唖々,嗚〜呼,嗚乎,嗚呼,嗟,嗟呼,噫,於戯,臆
ナゴミ,和ミ,和水,ナゴ実,ナゴ美,和瑚美,和瞳,和結,和観
ゴミ,塵,込,込ミ,吾味
ミマ,未麻,三摩,弥麻,美摩,美舞,魅魔,美誠
ミマス,三舛,見増,mimas
マス,mass,升,増ス,枡,桝,益,鱒,摩須,眞寿,真寿,mas
マスネ,増根
スネ,拗ネ,脛,臑,sune
アニ,兄,豈,阿仁,阿二,ani
ニダ,nida
ダケ,丈,丈ケ,岳,峯,嵩,抱ケ,竹,茸,嶽
ケニア,kenya
アニメ,anime
メス,召ス,牝,雌,metz,mes,mess,meth.
スキ,主基,好キ,抄キ,数奇,数寄,梳キ,棃,漉キ,犂,空キ,透キ,酸キ,鋤,鋤キ,隙,須岐,須木,周枳,寿木
アニマ,anima
ニマ,仁摩,迩摩,邇摩,二万,二摩,仁万,爾摩
マルノ,丸埜,圓野
アネ,姉,姐,嫂,阿音
アネッタイ,亜熱帯
ネッ,弥ッ,煉ッ,練ッ,錬ッ
ネッタイ,熱帯
タイデ,田出
イデ,出デ
イデア,依提亜
アー,are
アヒ,逢ヒ,阿飛
アヒル,家鴨,鶩,安蒜
ヒル,hill,乾ル,午,干ル,放ル,昼,晝,簸ル,蒜,蛭,比留
ガイ,凱,効,垓,外,害,愷,慨,甲斐,盖,臥位,蓋,街,該,貝,買,買イ,階,飼,飼イ,guy,瓦井
イタ,板,痛
アブ,虻,阿武,安封,安歩,abu
ブ,不,分,武,歩,無,部,麩,麸
アブル,炙ル,焙ル,abul
ブル,振ル,bull
アメ,天,編メ,阿毎,雨,飴,亜萌,ame,愛芽
アメエ,甘エ
エ,会,得,慧,枝,柄,榎,江,獲,画,畫,穢,絵,荏,衣,重,餌,絵維徒
エナ,恵那,胞衣,依菜,依那,恵南,恵名,恵奈,恵奏,恵渚,恵納,恵菜,惠南,惠納,惠菜,愛捺,慧那,映奈,映菜,映那,枝凪,枝南,枝那,栄奈,栄菜,栄那,永七,永名,永夏,永奈,永梛,永渚,永納,永菜,永那,永雫,江那,瑛奈,瑛菜,瑛那,笑名,笑和,笑奈,笑那,絵凪,絵南,絵愛,絵那,英奈,英菜,衣那,詠南,詠名,詠奈,詠菜,詠那,ena
アラ,在ラ,安羅,有ラ,粗,荒,阿羅,新良,阿良,ara
アラス,荒ス,荒ラス,arras,荒須
ラス,羅須,lath,las,lass,ras
ラスカ,羅洲香,lusca
スカ,ska,好カ,抄カ,梳カ,漉カ,空カ,透カ,鋤カ,須賀,寿賀,sca
スカサ,空カサ,賺サ,透カサ,透サ
カサ,仮サ,借サ,假サ,傘,化サ,嵩,暈,架サ,毬,瘡,科サ,笠,藉サ,課サ,貸サ,賀佐
カサン,加餐,嵩ン,禾山,賈粲
サンノ,三埜
アラカ,阿羅訶
アラカワ,安良川,新河,有川,阿良川
アラカワク,荒川区
カワク,乾ク,干ク,渇ク,燥ク,加涌,川久
ワク,分ク,和久,和煦,枠,沸ク,涌ク,湧ク,和玖,湧久,羽宮,羽紅
クデ,久出,公手,久手
ハセ,初瀬,土師,派セ,破セ,長谷,馳,馳セ,駆セ,羽勢
ハセン,馳セン,駆セン
セン,仙,僊,先,千,塼,宣,専,山,川,戦,戰,扇,撰,栓,殱,殲,氈,泉,潜,煎,牋,甎,癬,磚,競ン,筌,箋,糶ン,線,繊,腺,船,詮,詹,賎,賤,遷,選,銭,錢,閃,陝,鮮,cen,sen,徳南線
センタ,專田,泉汰
センタク,洗タク,洗濯
センタクモノ,洗濯物
タク,卓,多久,宅,托,択,拓,濯,炊ク,炷ク,焚ク,琢,田久,鐸,夛久,太玖,太矩,taku,taq
タクモ,工モ,巧モ,拓基,卓茂
クモ,拱モ,汲モ,組モ,蛛,蜘蛛,酌モ,雲
スカノ,須加野
カノ,刈野,彼ノ,狩野,佳納,假野,加埜,圭乃,奏乃,樺乃,禾乃,花望,華埜,賀野,霞乃,風乃,cano,kano,佳音
ノマ,吞マ,呑マ,喫マ,嚥マ,飲マ,乃万,埜真,埜間,埜馬,墅間,noma
マチ,万智,俟チ,待,待チ,満智,町,真弛,竢チ,街,襠,麻池,万知,磨知,舞智,茉智,茉知,麻智,麻灯,麻知,麻茅,machi
アラブ,阿拉伯
アラブリ,荒ブリ
ラブ,love,羅撫,l.u.v,luv,楽歩
ブリ,振,振リ,降リ,風,鰤,buri
ブリス,bliss
リス,利ス,栗鼠,里寿,里須,liss,ris
スギ,杉,経過ギ,過,過ギ
ギ,偽,儀,妓,戯,技,擬,木,柝,樹,気,氣,疑,着,祇,紀,義,議,魏,岐
カラ,乾,借ラ,刈ラ,唐,幹,殻,狩ラ,穫ラ,空,苅ラ,辛,辣,迦羅,駆ラ,駈ラ,鹹,kalla,kala,佳羅,加良,嘉良,歌楽,花楽,花空,香空,kara
カラブリ,空振リ
カラブリサンシン,空振リ三振
リサ,利サ,梨沙,梨紗,理咲,理彩,莉沙,里咲,麗砂,凛沙,凛笹,凛紗,凜咲,凜彩,凜沙,利咲,利彩,律沙,律紗,梨佐,梨咲,梨妙,梨嵯,梨彩,梨爽,梨砂,玲沙,玲爽,理冴,理瑳,理裟,璃冴,璃咲,璃彩,璃早,璃沙,莉佐,莉冴,莉早,莉砂,莉紗,莉裟,里彩,里早,里爽,里瑳,里茶,鈴桜,黎咲,lisa,risa,re:sa,李莎,林沙,璃紗,莉彩,莉莎
サンシ,三思,参シ,山紫,産シ,産仔,算シ,蚕屎,蚕糸,蚕紙,蠶糸
サンシン,三振,三線
シン,伸,信,報ン,審,岑,心,慎,新,晉,晋,染ン,死ン,沁ン,沈,津,浸ン,深,清,申,疹,眞,真,瞋,知ン,神,秦,箴,紳,縉,臣,芯,蓁,蔘,親,診,識ン,讖,身,軫,辛,進,針,震,思无,s!n,sin,syn,shin,sinn
アリ,在,在リ,存,愛里,有,有リ,有里,蟻,阿理,阿里,亜梨,亜璃,亜莉,安梨,安理,安莉,明梨,有莉,阿利,阿梨,阿莉,ali,ari
リガ,riga
ガジ,gaji
ジュ,儒,受,呪,寿,従,授,樹,珠,綬,需,頌
ジュッ,十,拾
ピ,日,陽
ピキ,匹,疋
アリガトウ,有リガトウ,有リ難ウ,有難ウ,有難ウ,有賀冬,有賀桃
ガト,画図,畫圖,gath
ガトウ,ガ島,瓦当,難ウ,餓島,我戸,我藤,賀藤
トウ,佟,倒,党,冬,刀,十,唐,問ウ,塔,夙ウ,富ウ,島,当,投,東,桃,棟,榻,涛,湯,灯,燈,父,當,疾ウ,痘,登,盗,稲,等,筒,答,籐,糖,統,舅,董,薹,訪ウ,鄧,鐙,陶,頭,黨,tow,サン島,ポンツァ島
アリナ,亜梨奈,亜理奈,亜莉奈,亜莉菜,亜里奈,亜里菜,吾里奈,安利菜,安梨奈,安梨菜,安理奈,安理菜,安里菜,安里那,彩里菜,愛梨菜,愛莉奈,愛里奈,愛里菜,有南,有梨奈,有那,杏里菜,益名,益奈,益菜,益那,碧梨菜
リナ,梨名,梨奈,梨菜,莉奈,莉菜,lena,倫菜,凛七,凛夏,凛成,凛那,凜南,凜奈,利納,利那,吏南,吏納,奏奈,彩杏,律奈,李並,李南,李納,李那,李雫,梨七,梨南,梨捺,梨楠,梨渚,梨納,梨那,理南,理永,理納,理那,琳名,琳奈,琳那,璃並,璃南,璃名,璃奈,璃納,璃菜,璃那,莉七,莉凪,莉南,莉名,莉夏,莉梛,莉楠,莉那,莉雫,里七,里南,里和,里捺,里杏,里梨,里納,里那,鈴那,麗那,麗鳴,lina,llyna,rina,李娜
ナラ,做ラ,奈良,成ラ,枹,楢,為ラ,生ラ,鳴ラ,南良,名良,那羅,那良,nara
アリー,alee,allie,ally
アリーナ,arena
アリーナセキ,アリーナ席
リー,lee,莉,lli
ナセ,成セ,済セ,為セ,生セ
セキナ,昔奈,瀬季南
キナン,輝南
ナン,何,南,成ン,為ン,生ン,男,軟,難,鳴ン,nahn,nan
ナノ,七,奴,nano,奈希,梛乃,楠乃,na:no,渚乃,*菜乃
アリバイ,alibi
リバ,riva,riv.@
バイ,by,bye,倍,杯,枚,梅,灰,buy,馬醫
イガ,毬,渭河,伊加
バイイ,売位,陪位
バイイン,売淫
イン,in,入ン,印,員,婬,射ン,尹,居ン,往ン,忌ン,殷,淫,炒ン,煎ン,熬ン,要ン,鋳ン,院,陰,隠,韵,韻,飲,inn,yin
デス,death,des
スガ,絓,菅,須加,壽賀,寿賀,菅止,須鹿
アリマ,存磨,存麻,有摩,有満,有滿,有磨,有舞,有麻,alima
リマ,利麻,lima,李茉,李麻,梨磨,梨舞,梨茉,梨麻,浬舞,理万,理麻,璃麻,莉真,莉磨,莉舞,莉茉,莉麻,里茉,里麻
マオ,真央,真女,舞オ,茉央,麻央,麻緒,万央,万桜,万櫻,万緒,万織,希央,愛央,愛緒,摩桜,摩緒,満桜,眞央,眞応,眞旺,眞桜,眞櫻,眞生,眞絃,眞邑,真乙,真於,真旺,真欧,真皇,真絃,真英,磨士,磨夫,磨桜,磨生,舞乙,舞央,舞於,舞緒,茉櫻,茉生,茉緒,萬尾,葵緒,麻保,麻於,麻桜,麻王,麻雄,mao,m・a・o,真央♪,真桜,舞音
マオン,真園,真苑,真遠,麻園,麻央胡,麻苑,麻遠,麻音
オン,on,居ン,御,怨,恩,折ン,温,織ン,音
オンセ,温勢
オンセン,温セン,溫泉
ハコ,hako,佩コ,函,刷コ,匣,吐コ,喀コ,履コ,掃コ,穿コ,筐,筥,筺,箱,蹈コ,巴瑚,華瑚,haco!,haco
ココ,coco,個々,呱々,戸々,扱コ,放コ,斯,此処,爰,箇箇,茲,小恋,小瑚,小虹,小香,幸呼,幸恋,心湖,湖々,湖紅,琥々,瑚々,瑚子,瑚香,胡々,胡恋,裾々,香々,香瑚,鼓々,鼓子,coko,好香
アル,在ル,或,或ル,有ル,亜璃,亜留,阿留,aru,有流
アルコ,步コ,歩コ,歩行コ,arco
ルコ,瑠子,瑠瑚
コー,koo,kohh
コール,call,cole,cohol,kohl,coal
アン,an,anne,兄ン,在ン,安,庵,按,晏,暗,有ン,杏,案,編ン,閹,鞍,餡,愛晏,ann,ane,庵叶
アンコ,安固,餡コ,anco
ガタ,型,形,方,潟,肩,難
ガタク,難ク
タクサ,托サ,託サ
タクサン,沢山,taxan
クサ,瘡,種,臭,艸,草,久佐
クサン,腐ン
アルゴ,argo
ルゴール,lugol
ゴー,go
アルマ,亜留馬,有真,alma,arma
ルマ,瑠牧,瑠真,瑠麻
マジ,本気,摩治
マジロ,交ジロ,混ジロ,混ロ,雑ジロ
ジロ,城,白,皎,皓,治呂
ロ,廬,櫓,炉,盧,絽,艣,艪,路,露,驢,魯
ニハ,niha
ロコ,呂子,呂湖,楼子,楼香,蕗湖,loco,roco
ロコウ,蘆江,蘆溝,呂好,芦港
コウイ,厚意,口囲,攻囲,更衣,校尉,皇矣,肛囲,行爲,降以,香以,江夷
ウイ,憂イ,泛イ,浮イ,oui,兎苺,初唯,初衣,卯依,宇以,宇唯,生衣,美依,羽以,羽依,羽唯,羽維,雨依,雨唯,初愛
マー,mah,mar
アルミ,愛龍美
ルミ,流美,瑠美,留美,流実,流未,流見,琉光,琉実,瑠実,瑠巳,瑠未,瑠海,瑠深,瑠珠,留実,留己,留巳,留弥,留未,留珠,留見,留観,留魅,lumi,rumi,瑠見
アロ,在ロ,有ロ,杏路
アロエ,aloe
エガ,恵我,ega
エド,江都,恵土,惠土,edo
ドコ,何処,床,退コ,那里,何所
ニモ,nemo,nimo
モナ,望南,望渚,望真,望菜,望那,杜夏,桃菜,百南,百名,百奈,茂名,茂奈,茂菜,茂那,萌南,萌永,萌隆,雲和,mona,moona
アワ,会ワ,合ワ,安房,晤ワ,泡,淡,粟,逢ワ,遇ワ,遭ワ,阿波,亜波,吾波,安発,阿輪,awa
アワビ,蚫,鮑,鰒,石決明
ワビ,侘,侘ビ,詫,詫ビ
ビノ,vino,備野
ビック,bick,vic,bic
ビックリ,吃驚
クリ,久利,久里,公里,刳リ,庫裏,庫裡,栗,繰リ,空里,紅梨
ガオ,gao,気表,皃,貌,貎,顔
オオキ,多キ,大,大キ,巨キ,巨城,衆キ,大耒,小沖
オオキク,大キク,大ク,巨キク
オキ,冲,措キ,擱キ,於キ,於期,沖,熾,燠,置キ,起キ,隠岐,oki,億岐,扇喜,於幾,穏岐,置,隠樹,隱岐,雄城
オキク,於菊
キク,企救,利ク,効ク,危懼,尋ク,崎嶇,幾久,禧久,聞ク,聴ク,菊,規矩,訊ク,麴,希久,希玖,木久,樹久,樹來,樹玖,樹紅,生空,紀玖,菊玖
リレー,relay
ノアン,祢安
アンカ,行火,anka,杏賀
アンカー,anker
カー,carr,car
モン,問,守ン,揉ン,文,洩ン,漏ン,物,盛ン,紋,者,門,mont
モンク,monk
アンキ,安企,安輝,安釐,暗己,暗祈,諳記,安藝,安琦
アンキモ,アン肝,鮟肝
キモ,肝,胆,kimo
アーン,arn
モイ,捥イ,茂居,萌泉,moi
アンズ,杏,杏子,杏厨,杏寿,杏珠,杏豆,ands,anz,anzu,annz,阿牟須
ズ,図,圖,酢,醋,頭
アンズル,按ズル,案ズル
ズル,狡
ハド,初戸
アンテ,ante
ナガ,凪ガ,和ガ,永,薙ガ,那賀,長,長ケ,na-ga
ナガコ,良子,奈賀子,那伽子,那賀子
アンマ,アン摩,按摩,anma
アンマン,餡マン
マン,man,万,幔,慢,満,萬,饅,万幸,mann
マンタ,マン太,manta
タベスギ,食ベスギ,食ベ過ギ
タベスギル,食ベスギル,食ベ過ギル
ベス,bes,bess,beth
スギル,経過ギル,過ギル,過ル
ギル,伐ル,切ル,剪ル,截ル,斫ル,斬ル,gill,gil
イア,意阿,唯亜
イアン,慰安,ean
イアンリ,顕麗
イアンリョコウ,慰安旅行
アンリ,安梨,安璃,安莉,晏梨,晏麗,杏梨,杏璃,杏莉,杏麗,鞍梨,anri
リョ,呂,閭
リョコウ,旅行,閭巷
コウハイ,伉配,光背,向背,広背,後背,曠廃,曠廢,興廃,荒廃,荒癈,弘灰
ハイ,hi,high,佩,佩イ,刷イ,剝イ,剥イ,匍イ,匐イ,吐イ,喀イ,履イ,廃,拝,掃イ,排,接イ,敗,杯,沛,灰,牌,矧イ,穿イ,肺,胚,蠅,裴,裵,蹈イ,輩,這イ,邶,配
イヤ,云ヤ,厭,否,嫌,嫌ー,祖谷,言ヤ,言ヤァ,謂ヤ,揖屋
イヤー,year,ear
ヤ,八,夜,家,屋,爺,矢,箭,輻,野
ヤーン,yarn,yean
イー,e,yii
イージス,aegis
イージスカン,イージス艦
ジス,jis,辞ス
スカン,酸カン
デイ,泥,出樋
イイデ,イイ出,言イ出,飯豊
デスカ,出須賀
イージー,eg,eazzy
ジー,g,gee
モー,mho,morr,moe.
モシ,摸シ,模シ,模試,燃シ,若シ
シナ,品,志那,支那,榀,死ナ,科,四七,志梛,糸那,紫南,紫奈,詞南,詞梛,詞渚,詞雫,詩夏,詩梛,sina
シナイ,撓イ,竹刀,sinai
イース,e:s
イースタ,eスタ
スタ,須多,須田
スター,star,stars
スタート,start
ター,taar,taa,taa.
タート,tart
ウデ,腕,茹デ
イイネ,言イ値
ソン,剃ン,反ン,孫,尊,損,村,染ン,樽,遜,邨
ソンナ,其麼
イイワケ,イイ分ケ,云イワケ,云イ訳,云ヒ訳,言イワケ,言イ分ケ,言イ訳,言分,言分ケ,言訳
イワ,云ワ,岩,巌,惟和,磐,維和,言ワ,謂ワ,頤和,iwa
ワケ,分,分ケ,別ケ,沸ケ,涌ケ,湧ケ,訣,訳,頒ケ,和氣
ワケイッ,ワケ入ッ,分ケ入ッ,分入ッ
ケイ,京,佳,佳以,兄,刑,卿,啓,圭,型,奎,嵆,形,径,恵,慧,慶,敬,景,桂,渓,珪,琼,瓊,磬,禊,競,系,経,罄,罫,茎,荊,觿,計,警,蹊,軽,邢,頚,頸,馨,鶏,k.,京依,啓伊,啓冶,啓意,啓維,啓衣,圭衣,希唯,希惟,径生,恵以,恵依,恵惟,恵生,桂衣,硅,花井,kay,kay.,kei,key,奎依,慶已
イッ,一,云ッ,入ッ,去ッ,可ッ,善ッ,壱,好ッ,往ッ,快ッ,炒ッ,煎ッ,熬ッ,美ッ,良ッ,行ッ,要ッ,言ッ,謂ッ,逝ッ
イッテイ,一禎,一禎,一鼎
テイ,丁,亭,低,体,停,堤,定,帝,底,廷,弟,悌,態,手結,氐,渧,程,艇,訂,貞,邸,鄭,體,帝威,tay,tei,カロ艇
テイイ,程頤,丁謂
インデイ,印出井,因泥
イインカイ,委員会
インカ,允可,印顆,引火,inca
ソレ,其,剃レ,反レ,逸レ
イエ,云エ,云ヘ,家,癒,癒エ,言エ,謂エ,謂ヘ,井恵,家燕
エト,干支,江渡,恵戸,越礪,eto
エトイ,餌トイ
トイ,刀伊,問,問イ,土肥,樋,溶イ,疾イ,研イ,砥イ,磨イ,解イ,訪イ,説イ,都尉,釈イ,鋭イ,問井,登井,飛衣,toy,人衣
トイエ,登栄
イエヤス,家康,家保,家靖,家泰
エヤ,惠谷,恵谷
ヤス,夜須,安,廉,易,矢須,家寿,屋須,野洌,yas,yass,yasu
ヤスノ,康乃,保乃,保野,寧乃,康野,恭乃,泰乃,泰野,靖乃
スノ,須野,壽野,寿野,須縄,suno
スノイ,snoy
ノイエ,neue
ヤスイ,安イ,廉イ,易イ,保井,保位,保居,康井,昜居,泰井
スイ,吸イ,喫イ,垂,好イ,抄イ,梳イ,水,済イ,漉イ,濟イ,空イ,粋,綏,翠,膵,萃,透イ,遂,酸イ,鋤イ,錐,騅,sui,主井,栖井,須井
イカ,以下,凧,厳,去カ,如何,往カ,烏賊,生カ,紙鳶,行カ,逝カ,ica,ika
タベテ,食ベ手
タイカ,大厦,大廈,大霞,太華,滞貨,taika,苔花
カハイ,交ハイ,歌俳
ハイカ,俳家,葉衣歌,haika
イカガ,如何,五十河,伊加賀,伊香賀
カガ,嗅ガ,伽賀,加々,加鹿,可香
イカイ,厳イ,遺灰,五十井,井介,伊介,伊加井,飯海
イカイヨウ,胃潰瘍
カイヨ,快誉
カイヨウ,kaiyo,カイ瘍,海容,潰ヨウ,潰瘍,解傭
イヨ,壱与,射ヨ,居ヨ,鋳ヨ,伊與,伊葉,伊輿,依世,依夜,唯代,壱予,壹与,維代,衣葉,衣陽
イヨウ,偉容,威容,射ヨウ,居ヨウ,惟庸,異樣,移用,鋳ヨウ
ヨウガ,洋牙,洋華,陽牙,陽臥,陽華
ヨウガイ,容貝,用海,用皆,要海
ウガイ,含漱,嗽,迂外,宇賀居,鵜養
イタイ,痛イ,伊田井,坂居
タイヨ,貸与
ヨー,yo.
イク,以久,伊久,去ク,幾,往ク,意気,昱,生ク,育,行ク,逝ク,郁,井久,井玖,亥久,亥玖,伊來,伊玖,伊紅,佑育,唯來,意空,猪久,猪玖,行玖,衣久,衣玖,衣紅,iku
イクサ,戦,戦サ,戰,ixa,ikusa
サニイ,紗仁衣
ニイ,2尉,二,二尉,仁比,兄,兄ィ,弐,新居,nie
コノ,斯ノ,此,此ノ,這ノ,好乃,狐野,香乃
ノイクラ,野井倉
イクラ,以倉,幾ラ,育良,ikra,伊久良,幾良,生倉,生良,行羅,郁良,ikura
クラ,倉,冥,刳ラ,庫,昏,暗,溟,瞑,繰ラ,蒙,蔵,藏,闇,鞍,黯,九良,内藏,cura
クラハ,啖ハ,喰ハ,食噉ハ,klaha,囷巴
オイク,負イ来
イケ,去ケ,埋ケ,往ケ,池,活ケ,生ケ,行ケ,逝ケ,ike
イケス,活ケ簀,生ケス,生ケ簀,生洲,生簀,池洌,池須,活洲
ケス,消ス,銷ス,kes
ミセ,店,見セ,診セ,魅セ,美勢,見勢
ハイケ,服池
カナ,仮字,伽奈,佳奈,佳那,加那,可那,哉,華那,賀名,郁奈,香那,伽名,伽菜,佳南,佳名,佳夏,佳姫,佳楠,佳舞,佳菜,佳鳴,假名,加南,加苗,可南,叶七,叶南,嘉南,嘉那,圭奈,圭那,夏南,夏楠,夏那,奏凪,奏菜,果夏,果楠,果那,架那,柑菜,桂奈,楓奈,楓菜,樺奈,歌南,歌那,翔菜,耶那,花媛,花波,花流,花那,華夏,華生,華雫,賀奈,賀菜,郁那,雅凪,霞那,風奈,香七,香夏,cana,kana,kana*,叶奈,哉中,榎奈,華音
カナイ,加奈井,叶イ,敵イ,称イ,適イ,金井,金居,兼井,叶井,叶居,叶良,嘉那井,賀内
ソノ,其,其ノ,園,曾野,苑,薗,園乃,奏乃,岨野,素苑,蒼乃,蘓野,颯野,sono
ノイケ,能池
イケン,イ見,埋ケン,惟謙,意見,活ケン,生ケン,異見,移建,行ケン,逝ケン
ハツ,初,墾ツ,撥,果ツ,発,般,鈸,髪
ツイ,亜イ,付イ,即イ,卽イ,吐イ,嗣イ,対,就イ,従イ,憑イ,搗イ,撞イ,支イ,次イ,注イ,活イ,点イ,着イ,突イ,築イ,終,継イ,繼イ,著イ,衝イ,訃イ,蹤イ,追,附イ
ツイテ,就イテ,就テ
イテ,凍テ
イテイ,慰庭,維楨,以手井
テイケ,手活ケ,手生ケ,tike
テイケン,定見,庭堅,鼎軒
イサ,伊咲,唯咲,衣彩,isa
イサン,伊飡,勇ン,彙纂,毉山
サンガシ,三河市
ガシ,借シ,果子,樫,河岸,瓦子,瓦市,瓦肆,菓子,藉シ,貸,貸シ,賀シ,餓死
ガシン,臥薪
シンパ,侵破
シンパイ,心パイ,心肺,心配,神拝,親拝,進拝,審配
パイ,敗,杯,牌
イデイ,韋提,伊伝居,伊出井,出射
サンカ,サン下,サン歌,参稼,惨渦,惨禍,三ケ,三箇,三荷,山佳,三箇村
カタ,克タ,剋タ,剛,勝タ,固,型,堅,夥多,寡多,形,捷タ,掛搭,方,潟,片,硬,確,肩,肩ァ,難
カタニ,菓谷
チャ,茶
シガ,shiga,子牙,歯牙,滋賀,翅芽,信賀
ガス,gas,借ス,瓦斯,藉ス,貸ス,賀ス
ガスト,gusto
スト,須戸
ストー,stowe
ストーン,stone
トー,toe
トーン,tone,torn
トオ,問オ,訪オ,遠
トオチ,十市,東落
オチ,堕チ,墜チ,落,落チ,越智,越知,遠智,陥チ,隕チ,落知,於地
チテキ,チ的,知テキ
テキ,敵,滴,狄,的,翟,適
ノイシ,威子
シハ,思羽
ハナ,洟,端,花,花奈,華,鼻,鼻鼻,巴南,巴渚,巴那,巴雫,晴七,晴名,波南,波那,珀奈,珀音,琶菜,瑞奈,羽七,羽南,羽那,芭並,芭南,芭奈,芭波,芭納,芭菜,芭雫,花那,英奈,英菜,華名,華苺,華雫,葉南,葉那,遥絆,遥菜,陽捺,hana,hanah
スワ,吸ワ,喫ワ,諏方,諏訪,狭訪,翠和,諏和,陬波,陬防,須和,須羽,須輪,suwa
スワッ,坐ッ,座ッ,据ワッ,swa
ワッ,割ッ,破ッ
イスカ,isca,交喙,isk;m,isuca,isuka
イチ,一,位置,壱,夷地,市,一智,依智,唯智,季智,惟智,ichi,呂思清,金学奎
イチョウ,公孫樹,尹趙,帷帳,移庁,移牒,移調,萎チョウ,萎凋,銀杏,鴨脚,鴨脚樹
チョ,楮,緒,著,褚
チョウ,丁,兆,寵,帖,帳,庁,廳,張,挺,朝,梃,牒,町,疔,聴,腸,萇,蝶,調,超,趙,長,頂,鳥,金魚蝨
チョウガカ,張我華
ガカ,畫家
ガカイ,瓦解
カイチ,懷智,懐智,蛙一,貝市,鶏内
カイチョウ,海潮,海澄,解嘲,諧調,甲斐町
イチョウダ,伊帳田,伊張田,銀杏田
チョウダ,長蛇,趙佗
ウダ,宇陀,菟田,兎太,兔太,夘田,莵田
イッシ,一弛,一思,一矢,佚シ,逸シ,逸史
イッショ,一ショ,一シヨ,一生,一緒,一緖,佚書,逸書
イッショウ,一笑,一咲
イッショウビン,一升瓶
ショウビ,焦眉,薔薇
ウビ,wubi
ビン,便,壜,彬,敏,瓶,閔,鬢,vin
ハイッ,侵ッ,入ッ,這入ッ
ニイド,二井土,仁井戸
イドウ,イ動,移動,ido
ドウ,何ウ,動,同,堂,如何,導,幢,洞,童,籐,胴,道,銅,dough,侑玄堂
イナ,伊南,伊那,否,往ナ,異ナ,維那,鯔,井那,依奈,依菜,冶菜,唯菜,稲奈,維菜,衣那,撥尾魚
イナカ,田舎,稲中
ナカ,中,仲,南花,号カ,哭カ,啼カ,欷カ,泣カ,那加,那珂,那賀,鳴カ,仲嘉,南賀,名佳,奈佳,奈賀,姓嘉,菜々華,菜佳
カニ,可児,可兒,蟹,加児,河児,賀仁
ニヒ,二臂
ヒトハ,斉羽,斉葉,等羽,等葉
ナカッ,亡カッ,失カッ,無カッ,莫カッ
カッ,交ッ,借ッ,克ッ,刈ッ,剋ッ,勝ッ,捷ッ,支ッ,核,活,狩ッ,穫ッ,苅ッ,褐,角,買ッ,購ッ,酤ッ,飼ッ,駆ッ,駈ッ
カッタ,刈田,克太,勝多,轄多,轄太
イナリ,稲荷,井成,伊成,居成,稲成
ナリ,也,做リ,哉,容形,形,形リ,成リ,為リ,生リ,那裏,鳴リ,菜莉,那李,nari
ナリノ,成野
リノ,梨乃,莉乃,凌乃,凛乃,凛暖,梨之,梨希,梨野,涼乃,璃乃,莉埜,莉暖,莉野,rino,re:no,reno,lino
イヌ,寝ヌ,往ヌ,戌,犬,狗,inu
ヌ,寐,寝,沼田藩
ヌガ,脱ガ,奴賀,怒賀
ガキ,垣,堵墻,墻,掻キ,書,書キ,柿,柿子,牡蛎,牡蠣,餓飢,餓鬼
キンチョウ,緊張,謹聴,金打,金武町
ドッ,取ッ,執ッ,奪ッ,征ッ,捕ッ,採ッ,摂ッ,撮ッ,獲ッ,盗ッ,録ッ
ドッグ,dog,d.o.g
グ,具,愚,虞
グシ,串,具シ,愚姉,櫛
テル,tel,teru,照,照ル,輝,輝ル,汀留
ネガ,祈ガ
ガナ,仮名,仮字,gonna
ナガイ,永イ,長イ,永冶,nagai
イノカシラ,井ノ頭,猪之頭
ノカ,退カ,乃佳,埜花,苗加,野底
カシ,仮シ,借シ,假シ,加脂,化シ,呵シ,嫁シ,家嗣,架シ,樫,河岸,瑕疵,科シ,菓子,藉シ,課シ,貸,貸シ,過脂,賀志,香至,cashi,賈至
カシラ,カ知ラ,頭
シラ,報ラ,白,知ラ,識ラ
シラニ,白土
ラニ,lani
イイノ,伊井野,猪野,伊井埜,飯野村
エン,偃,円,冤,園,塩,婉,宴,寃,延,彫ン,得ン,椽,淵,炎,煙,燕,猿,獲ン,琰,瑗,笑ン,緣,縁,艶,苑,菀,袁,遠,選ン,閻,jpy,enn,yen,圓奈
エンギ,延喜,演伎,演戯,演技,演義,縁起,衍義
イフ,if,夷俘,畏怖,異父,移付,唯風
イフク,イ吹ク,倚伏,畏伏,畏服
フク,不矩,伏,冨久,副,吹ク,噴ク,富久,幅,復,拭ク,服,浮久,福,葺ク,袱,複,鍑,腹
キテイ,基禎,喜禎,奇蹄,貴禎
ヨブ,呼ブ,喚ブ,招ブ,称ブ
イブ,eve,慰撫,韋蕪,伊府,依夢,依舞,生葵,聖雪
ダカ,抱カ,高,高カ,高価,鷹
ダカラ,宝,財
ラド,lado
ラドラ,rdra
ドラ,取ラ,執ラ,奪ラ,征ラ,捕ラ,採ラ,摂ラ,撮ラ,獲ラ,盗ラ,銅羅,銅鑼,録ラ,dora
ドライ,dry,drei
ドライブ,drive,dri-v
ライ,来,癩,羅維,萊,雷,頼,reye,來依,来移,良衣,蕾衣,雷衣,lie,rai
ライブ,live,萊蕪,雷舞,live!
イベ,井陪,位陪,井辺,井邉,井邊,伊瓶,伊辺,伊邉,伊邊
イベント,event
ベン,便,偏,冕,勉,卞,弁,瓣,辨,辯,返,遍
ベント,bent
イッペン,一ペン,一変,市遍
ッペ,ッ屁
ペン,pen,偏,片,篇,編,辺,返,遍,邉
イボ,揖保,疣,ibo
ボ,墓,帆,戊,母,穂,簿,謨,募
デキ,出キ,出來,出耒
デキタ,出來田,出木田,出来田
キタノ,北,北埜,北生,北能,喜多埜,喜多濃,喜多野,喜夛野,貴多野
ハダ,肌,肌膚,膚,hada
ダレ,垂レ,弛レ,誰,誰レ
レカ,reca
カノイ,加納井,加野井,叶井
インボウ,陰謀,隠謀
ボウ,亡,傍,冒,坊,峯,峰,帽,房,暮雨,暴,某,棒,紡,膨,芒,茫,防,bou
ボウダ,滂沱
イマ,今,忌マ,依真,依茉
マニ,摩尼,満仁,真新
ニイマ,新今
イマセ,在セ,坐セ
マセ,増セ,摩セ,磨セ,籬,馬柵,摩瀬,真勢,mase
マセン,厩栓
イヤシ,卑シ,癒シ,癒ヤシ,賎シ,賤シ
ヤシ,椰子,香具師,安士,家具師
シヲ,shiwo
モト,moto,下,以ト,保ト,元,因,基,持ト,望都,本,素,茂登,許,望登,毛登,茂渡,茂都,萌渡,萌登,moto!
モトメ,憧求メ,探メ,求メ,求女,索メ,覓メ,購メ,需メ,求馬
モトメル,探メル,求メル,索メル,購メル,需メル
トメ,停メ,富メ,止,止メ,泊メ,留,留メ,留女,登米,駐メ,tome
トメル,停メル,止メル,泊メル,留メル,駐メル
メル,女瑠,梅琉,瞳瑠,瞳留,芽心,芽瑠,芽留,萌留,mar,mell,mel,芽流
ルイ,塁,琉偉,瑠偉,瑠維,瑠衣,留衣,累,誄,類,光斐,塁斗,流依,流光,流唯,流衣,琉伊,琉位,琉依,琉唯,琉已,琉惟,琉維,琉要,瑠一,瑠以,瑠伊,瑠依,瑠威,瑠尉,瑠惟,瑠生,留以,留伊,留依,留唯,留生,留維,路易,*rui*,leui,luy,lui,rui,琉生,瑠唯,瑠已,瑠比,路以
ルイヤ,塁也
イヤシイ,卑シイ,賎シイ,賤シイ
ヤシイ,安イ,廉イ,易イ
イヨカ,伊代花,伊代香
イヨカン,伊予柑
ヨカ,余暇
ヨカン,良カン
イルカ,海豚,射鹿,音綸華,iruca
ルカ,流花,流風,瑠可,瑠夏,瑠花,留佳,累佳,流伽,流佳,流夏,流果,流樺,流歌,流禾,流華,流霞,流香,瀧翔,琉佳,琉加,琉可,琉叶,琉嘉,琉夏,琉果,琉茄,琉賀,琉香,瑠伽,瑠佳,瑠加,瑠叶,瑠和,瑠果,瑠架,瑠栞,瑠榎,瑠樺,瑠歌,瑠薫,瑠風,瑠香,留加,留可,留嘉,留夏,留果,留樺,留歌,留花,留賀,累伽,luca,luka,ruca,ruka,流海,涙嘉,琉架,琉珂,瑠華,留渦,留華,留香
ハイル,侵ル,入ル,這入ル,配流,heil
イルス,居留守
ルス,留守,留主,luz
スナ,沙,砂,須名,須那
スナノ,砂埜
ノデ,能出
ホ,保,圃,堡,帆,捕,歩,穂,舗,葡,補
ホン,品,彫ン,掘ン,本
ホント,本当,本登,honto
ホントウ,奔騰,本ッ当
トウハ,踏破,東ハ,洞派,透葉,闘破
トウハイ,榻背,闘牌
イワシ,云ワシ,言ワシ,鰮,鰯
ワシ,ワ紙,儂,和シ,鷲
シニ,死,死ニ
ニツイ,似ツイ,似付イ
クレ,久礼,刳レ,呉,呉レ,昏レ,暗レ,暮,暮レ,来レ,眩レ,繰レ,久禮,久連
イワナ,岩魚,岩姓,神鳴魚
ワナ,穽,罠
ナノコ,奈乃子,菜乃子
ノコ,退コ,鋸,noco
コト,事,居登,殊,琴,異,箏,糊塗,言,冴音,小涼,小琴,幸瞳,恋瞳,恋都,琥杜,琴都,瑚冬,瑚瞳,瑚都,胡巴,胡音,香杜,香渡,香瞳,香都,coto,koto
コトハ,コト羽,古都羽,寿羽,寿葉,思巴,思波,思羽,思芭,思葉,湖都羽,琥斗覇,琴初,琴琶,琴芭,胡斗葉,詞葉,詩葉,采羽
ハイワ,俳話
イワバ,言ワバ,岩庭
バダ,馬駝,bada
ニイワ,新輪
バッ,張ッ,貼ッ
バッカ,幕下,馬ッ鹿,bacca
カリ,ヶ里,仮,仮リ,借,借リ,刈,刈リ,狩,狩リ,穫リ,箇里,苅リ,藉リ,訶梨,雁,駆リ,駈リ,鴈,華梨,c.ali,kari,kali
ナイト,night,名伊渡,夜月,nite
イトイ,厭イ,威徳井,itoi
トイン,都匀
インゲ,院家
インゲン,扁豆,隱元
ゲン,件,元,原,厳,幻,弦,減,源,玄,現,甗,絃,舷,言,軒,間,阮,限,験,gen
ゲンダ,巌田
イゲ,井削,伊芸
イゲン,惟儼
インコ,陰壺,鸚哥,inco
ミニ,mini
ミニイ,実新,望新,美仁,美仁伊
インド,応帝亜
ドー,doe
ネシ,寝シ,祢司
アニイ,亜似衣
ドア,door,dor,doa
アナシ,阿那志
ナシ,亡シ,勿シ,微シ,成シ,无シ,梨,梨子,済シ,為シ,無,生シ,罔シ,莫シ
ナシヤ,梨谷
インドヨウ,インド洋
ドヨウ,土ヨウ
イイドヨ,飯土用
インネン,因縁
ネン,寝ン,年,弥ン,念,煉ン,燃,粘,練ン,錬ン
ツケ,付,付ケ,即ケ,卽ケ,吐ケ,就ケ,尾ケ,尾行,従ケ,憑ケ,搗ケ,撞ケ,支ケ,放ケ,活ケ,浸ケ,漬,漬ケ,点ケ,燗ケ,着ケ,突ケ,築ケ,著ケ,衝ケ,跟ケ,蹤ケ,附ケ
ツケル,付ケル,付ル,即ケル,就ケル,尾ケル,尾行ル,従ケル,憑ケル,撞ケル,放ケル,浸ケル,漬ケル,点ケル,燗ケル,着ケル,突ケル,衝ケル,跟ケル,附ケル
ケル,蹴ル,蹶ル
ルヒト,瑠人
トガ,利賀,咎,研ガ,砥ガ,磨ガ,科,鋭ガ,問可,渡加,門叶
トガイ,栂井
ウォッカ,vodka
カオ,交オ,支オ,気表,皃,貌,貎,買オ,購オ,酤オ,顔,飼オ,佳於,佳桜,佳緒,果央,歌桜,花央,香央,香桜,夏櫻
カオッ,交オッ,支オッ,薫ッ,買オッ,購オッ,酤オッ,飼オッ,香ッ,馨ッ
オッ,億,堕ッ,墜ッ,居ッ,御,折ッ,織ッ,落ッ,負ッ,趁ッ,追ッ,逐ッ,陥ッ
ウサギ,兎,兔,右左喜,usagi,雨咲
サギ,詐偽,詐欺,鷺
ダマ,玉,珠,球
ダマサ,欺サ,欺マサ,瞞サ,騙サ
マサ,masa,増サ,昌,柾,満佐,真麻,雅,麻早,正如,眞早,眞瑳,真嵯,真早,真瑳,舞咲,茉佐,茉咲,茉沙,茉砂,茉紗,麻佐,麻沙,麻砂,麻紗,ma-sa
マサレ,優レ,勝レ,増サレ
サレ,去レ,往レ,佐連
ニヤ,二耶,仁也,仁弥,仁耶,忍弥
ヤラ,姦ラ,屋良,殺ラ,演ラ,犯ラ,耶良,行ラ,遣ラ,飲ラ,矢良
ウシ,ウ歯,丑,大人,牛,齲歯,usi
ウシロ,後,後ロ,後呂,後路,牛呂
シロ,仕ロ,代,城,報ロ,為ロ,白,皎,皓,知ロ,識ロ,紫露,shilo,shiro
ノワ,noix,叶和,望和,nowa
ワラ,割ラ,和良,瓦剌,破ラ,藁,wara
ワライ,嗤イ,微笑イ,破顔イ,笑,笑イ,笑ヒ,苦笑イ
ワライゴエ,ワライ声,笑イ声,笑ヒ声
ライゴ,雷悟,頼午,頼吾,頼悟,頼護,ligo
イゴ,以後,伊吾,囲碁,已後,韋護,夷吾
ゴエ,声,肥,超エ,越エ
ハウ,how,匍ウ,匐ウ,這ウ,hau
ウッ,伐ッ,売ッ,射ッ,打ッ,拍ッ,搏ッ,摶ッ,撃ッ,討ッ,賣ッ
ウッシ,鬱シ
シッ,報ッ,知ッ,識ッ
シッシ,失シ,嫉視,疾視
ウズ,渦,雲珠
ニウ,newwy
ウズラ,鶉,卯津羅,uzura
カワイ,乾イ,可愛,可愛イ,川合,川相,干イ,河合,河相,渇イ,燥イ,何合,合羽井,川会,河ヰ,河会,河會,河生,河飯,美乃心,川唯
カワイク,可愛イク,可愛ク
ワイ,y,沸イ,涌イ,湧イ,濊,why
ワイク,矮躯
ウス,有珠,碓,臼,薄,宇須
ウスラ,薄ラ
ウスラワライ,ウスラ笑,ウスラ笑イ,薄ラ笑イ
スラ,刷ラ,剃ラ,掏ラ,摩ラ,摺ラ,擂ラ,擦ラ,磨ラ
ウチ,中,伐チ,内,宇馳,家,射チ,打,打チ,拍チ,搏チ,摶チ,撃チ,撾チ,衷,裡,討,討チ
ウチマ,内門,内麻
ウチマタ,内マタ
チマ,知万,千舞,千麻,智万,智麻,知麻,chima
チマタ,巷
マタ,亦,俟タ,又,叉,待タ,復,竢タ,股,摩多
オモイ,念イ,思イ,惟イ,想イ,憶イ,推イ,重イ,尾茂井,思井
オモイッキリ,思イッキリ,思イッ切リ
イッキ,一熙,一箕,一簣,一輝,逸機,一耀,逸生,ikki
ッキリ,ッ切リ
キリ,伐リ,切,切リ,剪リ,截リ,斫リ,斬リ,桐,錐,鑽リ,霧,喜莉,季璃,季莉,希梨,希璃,樹梨,生莉,祈璃,紀梨,綺梨,葵莉,葵里,貴璃,貴莉
キリウ,切斑,城里生,霧生
リウ,梨優,梨有,梨羽,璃佑,璃宇,璃宥,璃雨,莉宇,莉羽,莉詩,莉雨,莉麗,riu,rliw
ウッチ,尉遅
マッ,俟ッ,待ッ,眞,真,竢ッ,舞ッ
マッタ,全,全田,matta
ウチワ,団扇
ウチワモメ,内輪モメ,内輪揉メ
モメ,揉メ
ガチ,勝,勝チ,雅致
チガウ,異ウ,違ウ
ウテ,伐テ,射テ,打テ,拍テ,搏テ,摶テ,撃テ,撾テ,討テ
ウテン,于闐,射テン,打テン,拍テン,撃テン,討テン
テン,典,天,展,店,滇,点,照ン,篆,貂,転,輝ン,輾,點,ten,tenn
テンナ,天和,殿奈,殿菜
ウン,倦ン,吽,売ン,惓ン,熟ン,生ン,産ン,績ン,膿ン,賣ン,運,雲
ウツ,utu,伐ツ,射ツ,打ツ,拍ツ,搏ツ,摶ツ,撃ツ,撾ツ,欝,討ツ,鬱
ウツボ,空穂,靫,靱,宇都保,打保,苧坪
ツボ,坪,壷,壺,壼,津保,tsubo
ボノ,bono
ノオモ,野小生
オモウ,思,思ウ,想ウ,憶ウ,推ウ,重ウ,小間生
モウツ,毛越
クン,刳ン,勲,君,呉ン,拱ン,来ン,汲ン,組ン,繰ン,訓,酌ン
デイコ,梯姑
デイコウ,禰衡
イコ,去コ,往コ,行コ,衣袴,逝コ,依心,維子,ico,iko
イコウ,以降,伊興,厳ウ,去コウ,囲口,往コウ,意嚮,憩ウ,移行,移項,行コウ,衣コウ,衣桁,逝コウ,遺構,韋皐,夷侯,維孝
ウド,独活,宇渡,有渡,鵜峠,鵜渡
ウドン,優曇,饂飩,udon
ドン,don,丼,取ン,呑,執ン,奪ン,征ン,捕ン,採ン,摂ン,撮ン,獲ン,盗ン,貪,鈍,録ン,dong,don!
クウ,喰ウ,汲ウ,空,腔,食ウ,玖宇,紅宇,雲羽,kuu,玖羽
ウナ,鳥奴,宇楠,詩波,宇那
ウナギ,鰻,宇那木,unagi,卯渚,武奈伎,無奈木
ナギ,凪,凪ギ,和ギ,梛,椰木,竹柏,薙ギ,那岐,凪季,凪樹,南祇,南義,梛木,菜葵,那木,南木
ナギノ,南木野,名木野,奈木野,泙野,薙野
ノヤ,野谷,埜谷
ヤロ,姦ロ,殺ロ,演ロ,犯ロ,行ロ,遣ロ,飲ロ
ヤロウ,冶郎,姦ロウ,殺ロウ,演ロウ,犯ロウ,行ロウ,遣ロウ,野朗,飲ロウ
ロウ,労,婁,廊,楼,樓,浪,漏,牢,琅,瘻,老,聾,蝋,蠟,郎,鑞,隴,row,rowe
ウラ,売ラ,宇良,浦,裏,賣ラ,ura
ウラギッ,裏ギッ,裏切ッ
ラギ,ragi
ギッ,伐ッ,切ッ,截ッ,斫ッ,斬ッ
ウニ,海胆,雲丹,恩希,有尓,有爾,uni
ニガ,苦
ニガタ,仁賀田
ベラ,箆,篦,遍羅,vera
レル,rhel
コノウ,好ウ,古納,小納
ノウ,know,亡ウ,嚢,囊,失ウ,濃,無ウ,綯ウ,能,能生,脳,腦,膿,莫ウ,農,乃生
シソ,志ソ,私訴,紙塑,紫蘇
シソウ,之総,使嗾,使送,嗣宗,宍粟,志操,思想,指嗾,歯ソウ,示相,詞藻,詩藻,駛走
ミエ,三恵,美恵,美映,美英,見エ,見ヘ,見栄,視エ,観エ,三惠,実栄,実永,実瑛,実英,実詠,彌栄,彌榮,望恵,未依,未恵,未瑛,未英,果絵,水恵,海衣,深恵,深慧,深絵,美依,美円,美永,美縁,美詠,見依,見恵,訪永,mie,美笑
ミエル,見エル,見ヘル,視エル,観エル,海愛琉,美恵留,miel
エル,l,彫ル,得ル,獲ル,絵留,選ル,鐫ル,恵瑠,恵留,慧留,栄瑠,永瑠,江瑠,江留,瑛瑠,笑留,絵流,英瑠,衣留,詠琉,e.l.l,ell,elle,愛瑠
オイシク,美味シク
イシク,石工,石ユ
シク,使駆,如ク,布ク,敷ク,施ク,志久,珠玖
クテイ,俱胝
イッコ,一己,一枯,一瓠
イッコウ,一昂,市行,逸高,ikko,乙公,逸剛
ッコ,ッ児,ツ子
コウニ,高2
ウマ,上手,倦マ,午,宇摩,巧,惓マ,旨,熟マ,甘,生,生マ,産マ,績マ,美味,膿マ,馬,uma,宇麻
マガウ,紛ウ
ウマル,埋マル,埋ル,塡マル
マハ,万葉,麻華,maha
ハイガ,ハイ芽,俳画,俳畫
イガイ,イ貝,以外,猪狩,貽貝,遺骸,伊賀井,居賀井,為我井
ガイトウ,外トウ,外套,崖頭
イトウ,井藤,以東,伊富魚,伊藤,厭ウ,尹東,痛ウ,翫,以頭,伊桐,位藤,夷藤,居藤,揖東,揖藤,渭東,為藤,猪藤,糸生,維統,藺藤,itou,伊読,依東,依湯
イトウマイ,伊東舞,伊藤マイ,伊藤舞,伊藤麻衣
トウマ,当麻,斗真,藤間,透馬,冬麻,刀万,刀麻,問馬,堂真,当マ,当广,当摩,当磨,斗須,斗麻,東摩,東磨,東麻,柊真,柊磨,柊馬,桃舞,桐真,橙真,當山,當摩,當磨,瞳真,稲摩,統麻,翔真,藤馬,読真,透摩,透真,透磨,透麻,遠間,闘摩,touma,統摩
トウマイ,東妹,玉米
ウマイ,上手イ,巧イ,旨イ,熟寝,熟睡,甘イ,甘味イ,美味イ
マイ,my,儛,巻イ,幣,捲イ,撒イ,播イ,昧,枚,毎,磨衣,稀衣,米,纒イ,舞,舞イ,舞衣,蒔イ,麻依,麻意,麻衣,万愛,万維,万衣,摩伊,摩衣,未依,眞以,眞依,眞唯,眞惟,眞李,眞生,眞維,真以,真依,真唯,真惟,真維,磨伊,磨依,磨生,舞以,舞伊,舞依,舞唯,舞彩,茉以,茉依,茉唯,茉彩,茉意,茉生,茉衣,麗依,麻以,麻伊,麻唯,麻惟,麻維,麻鮮,麿衣,mai,mye,舞雪,茉愛,<枚>
メソ,召ソ,meso
ソー,saw,soo,thor
ソーダ,soda,曹達,soda!
スゲ,挿ゲ,菅,須下
ウレ,売レ,宇連,得レ,熟レ,賣レ
タン,丹,亶,単,反,單,嘆,坦,担,旦,歎,潭,澹,炭,痰,短,站,端,胆,誕,譚,足ン,郯,temps,tan,thann
ウワ,上
ウワン,植ワン,植ン
ニム,nim
ム,六,夢,無,牟,mgova
ムカ,剝カ,剥カ,向カ,武華
ムカッ,向カッ,向ッ,対ッ
カッテ,勝手,katt
ウー,woo
ウンキ,温気
キュ,休生
キュウ,ix,丘,九,仇,休,吸,嗅,宮,急,旧,朽,求,汲,灸,球,窮,笈,糾,級,給,舊,邱,qyu
キュウカ,休暇,毬花,求荷,球顆,久加
ウカ,ウ窩,泛カ,浮カ,齲窩,宇迦,宇郁,胡果,詩夏,uca,uka
ウンコ,雲鼓
コシ,古祠,固始,枯死,深,漉シ,濾シ,腰,虎視,超シ,越,越シ,輿,轎,鼓シ,古思
コシナ,越科
シナサ,死ナサ,為做サ,為成サ
ナサ,nasa,亡サ,失サ,成サ,済サ,為サ,無サ,生サ,莫サ,那佐,何左,南紗,夏沙,奈咲,成冴
ナサイ,為サイ
エイ,依位,営,嬰,嬴,影,楹,榮,永,瑛,睿,穎,纓,英,衛,衞,裛衣,詠,郢,酔イ,鋭,頴娃,鱏,恵井,永依,穎娃,頴姓
エイガ,映画,栄花,栄華,榮花,英華,映畫,栄芽,栄賀,栄雅,永牙,永華
ガエ,代エ,変エ,換,換エ,替,替エ
トチ,土地,栃,橡,登地
チカ,主佳,値賀,千佳,千珈,千賀,千雅,知佳,近,千伽,千楓,千海,千薫,千霞,千風,千馨,智伽,智圭,智賀,智郁,椿花,知賀,知雅,祐嘉,稚佳,誓花,近夏,chika,千翔,知誇
チカラ,主税,力,千加良,千夏良,千香良,周空,知加良
カライ,柄井,花蕾,辛イ,辣イ,鹹イ
イレ,入,入レ,容レ,射レ,居レ,挿レ,淹レ,炒レ,煎レ,熬レ,納レ,要レ,鋳レ,irae,伊禮
イレル,入レル,容レル,射レル,居レル,挿レル,淹レル,煎レル,納レル
ガガ,峨々,峨峨,gaga
ガッ,学,學,月
ムリ,無理ィィ
ディ,dxd
ディス,this,dith
ディスラ,disラ
ラナ,楽名,楽奈,楽成,楽渚,楽菜,楽那,浦菜,羅七,羅那,良名,良奈,良寧,良波,良菜,良那,藍菜,蘭七,蘭南,蘭奈,蘭菜,頼那,lana,la-na,来渚
ナク,亡ク,勿ク,号ク,哭ク,啼ク,失ク,微ク,无ク,欷ク,泣ク,無ク,罔ク,莫ク,鳴ク,nak
モエ,燃エ,燃ヘ,萌,萌エ,萌映,萠,望恵,望絵,桃絵,桃衣,百惠,百映,百永,百瑛,百笑,百絵,百衣,茂恵,茂絵,萌依,萌咲,萌恵,萌栄,萌永,萌瑛,萌英,萌詠,萠恵,萠惠,萠永,萠江,萠瑛,萠絵,萠詠,moe
モエエ,萌エ絵
エエ,佳エ,善エ,好エ,宜エ,快エ,悦エ,良エ
イギ,井城
イギョ,移御
イギョウ,潙仰,異形
ギョ,魚
ギョウ,堯,尭,御宇,業,経,行,鄴
ニイカ,煮烏賊,新花
イカナ,如何ナ
エー,a
ヨン,iv,依ン,倚ン,呼ン,喚ン,四,因ン,寄ン,憑ン,択ン,招ン,拠ン,撚ン,撰ン,據ン,由ン,称ン,縁ン,縒ン,訓ン,詠ン,誦ン,読ン,讀ン,選ン,霊
エサ,餌
サノ,佐埜,佐濃,茶埜,茶野
ノエ,野家,乃恵,乃瑛,乃笑,乃英,乃詠,之恵,埜恵,希依,望絵,望詠,野恵
エビ,海老,葡萄,蛯,蝦,鰕,恵比,惠比,衣非,ebi
エビアン,evian,海老庵
ビア,via
ビアン,bien,妃杏
アンダ,菴田
ニト,荷翔
トレ,取レ,執レ,奪レ,征レ,拿レ,捕レ,採レ,摂レ,撮レ,攬レ,漁レ,獲レ,盗レ,穫レ,録レ,除レ,tore!,tres
レビ,levi
レビア,levia
エロ,彫ロ,得ロ,獲ロ,選ロ
エロイ,eloy
ロイ,呂井,呂伊,路依,路惟,遼威,鷺威,roy,lloy
エロエ,工口工
ハカ,佩カ,刷カ,吐カ,喀カ,墓,履カ,掃カ,破瓜,穿カ,蹈カ
ハカイ,破カイ,破潰
カイガ,絵画,繪画,介芽,介華,介賀,介雅
カイガイ,絵蓋
ハツカ,僅カ,初都香,廿日
ツカエ,事エ,仕エ,使エ,支エ,痞,痞エ,費エ,遣エ,閊エ
ツカエン,事エン,仕エン,使エン,支エン,遣エン,閊エン
カエ,交エ,代エ,佳衣,加恵,可恵,変エ,変ヘ,換,換エ,支エ,改エ,易エ,替,替エ,買エ,買ヘ,購エ,酤エ,飼エ,香恵,伽江,佳映,佳栄,佳永,佳絵,佳詠,加映,加英,可映,可瑛,可英,嘉恩,嘉恵,圭恵,夏永,夏瑛,夏英,家愛,果恵,果瑛,桂絵,楓依,歌恵,歌瑛,歌英,禾恵,花依,花映,花詠,華恵,華永,華瑛,霞江,香依,香愛,香映,香栄,香永,香英,kae,榎英
カエン,代エン,加鉛,変エン,変ヘン,夏衍,孵ン,帰エン,帰ヘン,帰ン,換エン,改エン,易エン,替エン,歸ン,火怨,火焔,火焰,買エン,買ヘン,返ン,還ン,還帰ン,飼エン,華媛
エンジ,円治,怨ジ,演ジ,演示,燕脂,臙脂,衍字,遠邇,円侍,圓地,圓次,圓治,演次,鳶迩,艶爾
エンジン,厭人,怨ジン,演ジン
ジン,人,仁,仞,仭,刃,刄,塵,尽,甚,神,腎,陣,jin,jing,sinn,zin,zine
オイモ,芋生茂,oimo
オイモト,追本
オイモトメ,追イモトメ,追イ求メ,追イ需メ
オイモトメロ,追イ求メロ,追イ需メロ
イモト,以元,尹本
モトメロ,探メロ,求メロ,索メロ,購メロ,需メロ
トメロ,停メロ,止メロ,泊メロ,留メロ,駐メロ
メロ,萌芦,萌路,mello
メロン,melon
ロン,崙,論,r-one,ron,r・o・n
オー,o,oh!
オーダー,order
テオ,泰吾,theo
オオダ,苧田
オオダスカリ,大ダスカリ,大助カリ
オダ,小田,織田,小多,於田,綏田,纓田,oda,o・d・a
ダス,出ス,堕ス,das
スカリ,酸カリ
オオカミ,狼
オカ,丘,傍,岡,措カ,擱カ,於カ,置カ,阜,陸,遠香,隠家
オカミ,オ上,オ内儀,主上,女主,女将
カミ,上,佳味,咬ミ,噛ミ,噬ミ,嚙ミ,嚼ミ,守,帝,擤ミ,正,神,紙,賀美,髪,荷見,賀味
オオミ,大参,大己,淤見,王見,近美,逢見,鳳己
オオミソカ,大ミソカ,大晦日
オミ,使主,小見,臣,麻績,央美,央見,小箕,淤見,緒海,緒魅,omi,於見
ミソ,味ソ,味噌,味噲,御園
ミソカ,三十日,密カ,晦日
ソカ,粗菓,遡河,soca
ソリ,剃,剃リ,反リ,橇,曾利,蘓理,sori
ソリョウ,粗療
リョウ,両,了,亮,令,僚,凌,寮,廖,料,梁,涼,漁,猟,瘳,瞭,稜,糧,綾,良,諒,輌,輛,遼,量,陵,霊,領,凌央,凌羽,旅雨,理陽,稜央,ryo,rxyxo,lyo,涼生
リョウリ,リョウ理,料リ
ウリ,売,売リ,瓜,賣リ,羽莉
オカシ,侵シ,冒シ,可怪シ,可笑シ,怪訝シ,犯シ,オ菓子,御菓子
ツク,付ク,即ク,卽ク,吐ク,就ク,従ク,憑ク,搗ク,撞ク,支ク,活ク,点ク,着ク,突ク,築ク,著ク,衝ク,蹤ク,附ク,津久
ツクル,付クル,作,作ル,創ル,粧ル,製ル,造ル,附クル
クル,久留,佝僂,刳ル,昏ル,来ル,繰ル,紅琉
クルノ,久留野
ニシ,2士,似シ,爾志,螺,西,辛螺,仁紫,nishi,西彦
シッパイ,失敗,敗欠
ッパ,ッ歯,ッ葉
イヲ,iwo
カシタ,賀下
シタ,下,姿陀,舌,簧
オカネ,オ金
カネ,兼,兼ネ,加禰,矩,金,鉄,鉄漿,鉦,鐘,賀根
ネハ,祢覇,禰波,禰覇
ハオッ,匍オッ,匐オッ,羽織ッ,這オッ
オカン,悪寒
カンガ,官衙,換鵞
スゴ,凄,須吾
スゴク,凄ク,素扱ク
ゴク,国,國,御供,斛,極,極ク,獄,石,後久
クオ,喰オ,食オ,quo
クオカ,工岡,cuoca
オカンムリ,オ冠
カンム,官務,桓武,艦務,韓務
カンムリ,冠
コノオ,木尾
オケ,弘計,意奚,措ケ,擱ケ,於ケ,桶,置,置ケ,袁奚
ッケ,ッ気
オコ,尾籠,擱コ,於コ,烏滸,置コ,小神,於子,oko
オコウ,オ光,オ江,岡豊,擱コウ,於コウ,置コウ,オ香
アソ,安蘇,阿曽,阿蘇,安曽,安曾,安蘓,阿曾,阿蘓
アソコ,彼処,asoko
ソコ,其処,其處,底
ニオ,鳰
ニオコウ,仁尾庚,仁尾甲,仁尾港
ショク,嘱,植,殖,燭,続,續,職,色,蜀,蝕,触,軾,食,飾
クガ,久我,玖珂,玖賀,久峨,久峩,九家,空賀,久閑
タナ,店,棚,多那,夛那,田姓,田那,tana
オオシ,多シ,男々シ,男男シ,衆シ,雄々シ,雄オシ,雄雄シ
ショッ,背負ッ
ショック,shock,sohk
オジ,伯父,伯父翁,叔父,小父,怖ジ,老翁,尾治
オジサン,伯父サン
ジサ,萵苣,辞サ
オッチ,occhi
チャン,ch.
オチャ,オ茶,ocha
チャノ,茶埜,chano
ノム,吞ム,呑ム,喫ム,嚥ム,飲ム
オット,夫,良人
モラ,守ラ,洩ラ,漏ラ,盛ラ,毛羅,萌蘭
モラオ,貰オ
モラオッ,貰オッ
ラオ,羅宇
オットセイ,膃肭獣,膃肭臍
トセ,登勢,賭セ
トセイ,吐精,渡世
セイ,say,世,仕イ,制,勢,咳イ,堰イ,塞イ,声,姓,急イ,性,成,所為,擠,政,整,斉,星,正,清,済,為イ,生,盛,精,聖,背,製,西,青,静,勢井,勢衣,瀬以,瀬依,瀬維,ceui,tse,静掃舎
ミズ,ms.,水,瑞,美豆,水來,mizz,miz,mizu
ミズノ,瑞能,水埜,泉乃,泉野,美須乃,美須野
ノナ,乃那,希菜,能名,nona
ノナカ,能仲,埜中,埜仲,濃中,農中
ニオッ,匂ッ,臭ッ
オト,oto,於兎,於菟,音,央人,央渡,央翔,桜兎,桜都,櫻都,牡渡,音都,櫻音
オトナ,乙名,大人,乙菜
トナ,十七,墨名,都納
ナダ,灘,姓田,那田,nada.,nada
オトナシ,大人シ,温順シ
オトナシイ,大人シイ,温順シイ
トナシ,唐梨子
オバ,伯母,叔母,姑母,姨,小母,祖母
バチ,撥,罰,蜂,鉢
ガミ,神,紙,髪,gami
オモイデ,オモイ出,思イデ,思イ出,思ヒ出,想イ出,憶イ出
モイデ,萠出
オヤ,祖,親,小弥,小矢,屋家
オヤジ,オ爺,親仁,親父,親爹
ヤジ,弥次,彌次,矢司,矢治,谷治,谷路
ジギ,兒戯,時宜,辞宜,治儀
イウ,云ウ,言ウ,謂ウ,井生,依羽
イウナン,意宇南
ウナン,呻ン,唸ン
ジギャク,自虐
ギャク,逆
オヤマ,女形,小山,飾山,oyama
ヤマ,山,已マ,止マ,熄マ,病マ,耶麻,邪馬
ヤマニ,山児
イッタ,壱汰
ヤマア,山阿
マア,正,眞阿,真安,真阿,麻安,麻阿,ma-r,maa
オラ,居ラ,己,折ラ,織ラ
オラン,オ蘭,orang,oran
オランダ,和蘭,和蘭陀,喎蘭,阿蘭陀
ラン,lan,run,乱,亂,卵,欄,爛,苒,藍,蘭,覧,鸞,ran
ランダ,懶惰,randa
レモ,lemo
センイ,線維,繊維,譔異,遷移
タア,他阿,雫愛
アト,後,痕,趾,跡,阿刀,阿堵,安登,阿土,阿戸,阿登,阿都
センフ,先芙
センフツ,千佛
フツ,二,仏,布都,掉ツ,降ツ
フツウ,普通,阜通
ツウ,摘ウ,痛,通
オンナ,女,婢,恩納,onna
オンナガイ,女買イ
イッパ,一巴
イッパイ,一ツパイ,一パイ
パイオン,pion
イオ,云オ,倭央,庵,言オ,謂オ,伊央,伊於,伊桜,伊欧,伊生,依央,依桜,依緒,依音,依麻,偉央,唯央,唯緒,威於,彩央,惟維,李緒,維緒,衣央,衣愛,衣桜
イオン,aeon,唯音
オンネン,オン念
ネンガ,年ガ